product_title,product_image,pack_size,price_per_unit,price
Forresters Sensations Wasabi Peanuts 240g,https://www.aldi.com.au/fileadmin/_processed_/3/f/csm_ALN3635_LTO_W44_1x1_228x128__887448a0aa.jpg,240g,$12.46 per kg,2.99
Forresters Sensations Savoury Mixed Nuts 150g,https://www.aldi.com.au/fileadmin/_processed_/c/8/csm_ALN3635_LTO_W44_1x1_228x128_2_3b35ab5234.jpg,ea,$19.93 per kg,2.99
Forresters Pistachio Kernels 80g,https://www.aldi.com.au/fileadmin/_processed_/e/8/csm_ALN3635_LTO_W44_1x1_228x128_3_f9d6602675.jpg,80g,$43.63 per kg,3.49
Forresters Honey Roasted Macadamias 400g,https://www.aldi.com.au/fileadmin/_processed_/8/0/csm_ALN3635_LTO_W44_1x1_228x128_4_edd2037491.jpg,400g,$34.98 per kg,13.99
French Fries 175g,https://www.aldi.com.au/fileadmin/_processed_/7/3/csm_ALN3635_LTO_W44_1x1_228x128_5_046f52b1e9.jpg,175g,$1.42 per 100g,2.49
Parker's Pretzel Minis 6pk/150g,https://www.aldi.com.au/fileadmin/_processed_/b/b/csm_ALN3635_LTO_W44_1x1_228x128_6_d2d51422e4.jpg,6pk,$1.66 per 100g,2.49
Harvest Snaps 200g,https://www.aldi.com.au/fileadmin/_processed_/8/8/csm_ALN3635_LTO_W44_1x1_228x128_7_bbc0db69a0.jpg,200g,$2.50 per 100g,4.99
Jumpy's Chicken Snacks 6pk/108g,https://www.aldi.com.au/fileadmin/_processed_/7/4/csm_ALN3635_LTO_W44_1x1_228x128_8_7b53e15a0f.jpg,6pk,$2.77 per 100g,2.99
Delicious Destinations Novelty Shaped Bath Bombs 150g,https://www.aldi.com.au/fileadmin/_processed_/4/5/csm_ALN3635_LTO_W44_1x1_228x128_9_027e9afd29.jpg,ea,$2.66 per 100g,3.99
Olay Complete Sensitive Lotion SPF15 150ml,https://www.aldi.com.au/fileadmin/_processed_/f/d/csm_ALN3635_LTO_W44_1x1_228x128_10_26a5918f6e.jpg,150ml,$6.66 per 100ml,9.99
Nivea Biodegradeable Cleansing Wipes 25pk,https://www.aldi.com.au/fileadmin/_processed_/1/9/csm_ALN3635_LTO_W44_1x1_228x128_11_1e66c2b984.jpg,25pk,20c per wipe,4.99
Nivea Soft All Purpose Cream 300ml,https://www.aldi.com.au/fileadmin/_processed_/a/6/csm_ALN3635_LTO_W44_1x1_228x128_12_282df83bd6.jpg,300ml,$2.66 per 100ml,7.99
Head and Shoulders Anti Dandruff Shampoo 250ml,https://www.aldi.com.au/fileadmin/_processed_/d/7/csm_ALN3635_LTO_W44_1x1_228x128_13_a141376561.jpg,ea,$2.40 per 100ml,5.99
Schwarzkopf Pastels Live Semi-Permanent Hair Colour 30ml,https://www.aldi.com.au/fileadmin/_processed_/b/5/csm_ALN3635_LTO_W44_1x1_228x128_14_b847158ff3.jpg,30ml,$15.97 per 100ml,4.79
Garnier Micellar Cleansing Water 200ml,https://www.aldi.com.au/fileadmin/_processed_/7/c/csm_ALN3635_LTO_W44_1x1_228x128_15_59a10e956a.jpg,200ml,$2.50 per 100ml,4.99
Garnier BB Cream 50ml,https://www.aldi.com.au/fileadmin/_processed_/3/d/csm_ALN3635_LTO_W44_1x1_228x128_16_320d4ad096.jpg,50ml,$19.98 per 100ml,9.99
Gillette Venus Simply 3 Blade Disposable Razors 3pk,https://www.aldi.com.au/fileadmin/_processed_/3/b/csm_ALN3635_LTO_W44_1x1_228x128_17_3b6cec1eb1.jpg,3pk,$1.33 per razor,3.99
Colway Marinades 375g,https://www.aldi.com.au/fileadmin/_processed_/f/5/csm_ALN3635_LTO_W42_1x1_228x128__feed1881b5.jpg,375g,53c per 100g,1.99
Masterfoods Relish or Chutney 250g,https://www.aldi.com.au/fileadmin/_processed_/e/1/csm_ALN3635_LTO_W42_1x1_228x128_2_18e1cde5bb.jpg,250g,$1.20 per 100g,2.99
Mcilhenny Co Tabasco Sauce 60ml,https://www.aldi.com.au/fileadmin/_processed_/1/9/csm_ALN3635_LTO_W42_1x1_228x128_3_f1c69b4c44.jpg,60ml,$6.65 per 100ml,3.99
Masterfoods Mild American Mustard 250g,https://www.aldi.com.au/fileadmin/_processed_/f/2/csm_ALN3635_LTO_W42_1x1_228x128_4_c13f394814.jpg,250g,$1.20 per 100g,2.99
Masterfoods Hot Chilli Sauce 250ml,https://www.aldi.com.au/fileadmin/_processed_/0/3/csm_ALN3635_LTO_W42_1x1_228x128_5_f71abe5378.jpg,250ml,92c per 100ml,2.29
Colway Worcestershire Sauce 250ml,https://www.aldi.com.au/fileadmin/_processed_/6/f/csm_ALN3635_LTO_W42_1x1_228x128_6_1b44922a72.jpg,250ml,80c per 100ml,1.99
Praise Flavoured Mayonnaise 250ml,https://www.aldi.com.au/fileadmin/_processed_/9/6/csm_ALN3635_LTO_W42_1x1_228x128_7_667989fd62.jpg,250ml,$1.20 per 100ml,2.99
World Kitchen Chicken Thigh with Chat Potatoes Meal 350g,https://www.aldi.com.au/fileadmin/_processed_/b/5/csm_ALN3635_LTO_W42_1x1_228x128_8_883812dc34.jpg,350g,$2.28 per 100g,7.99
World Kitchen Tomato Vodka Pasta Sauce 250g,https://www.aldi.com.au/fileadmin/_processed_/c/5/csm_ALN3635_LTO_W42_1x1_228x128_9_e9adfe0c77.jpg,250g,$1.40 per 100g,3.49
World Kitchen Roast Duck Ravioli 350g,https://www.aldi.com.au/fileadmin/_processed_/0/1/csm_ALN3635_LTO_W42_1x1_228x128_10_54bfa34495.jpg,350g,$1.43 per 100g,4.99
World Kitchen Beef Tortellini Mexican Style 625g,https://www.aldi.com.au/fileadmin/_processed_/d/2/csm_ALN3635_LTO_W42_1x1_228x128_11_01f69db76f.jpg,625g,59c per 100g,3.69
Pikt & Chopt Herb Pouches 75g,https://www.aldi.com.au/fileadmin/_processed_/9/f/csm_ALN3635_LTO_W42_1x1_228x128_12_d2125b5e2b.jpg,75g,40c per 10g,2.99
Dentitex Advanced Whitening Toothpaste,https://www.aldi.com.au/fileadmin/_processed_/9/3/csm_ALN2364-7_HEALTH_1x1_228x128__d9c1a69508.jpg,140g,$1.42 per 100g,1.99
Dentitex Sensitive Plus Whitening Toothpaste,https://www.aldi.com.au/fileadmin/_processed_/6/2/csm_ALN2364-7_HEALTH_1x1_228x128_5_684b45adc5.jpg,,$4.08 per 100g,4.49
Dentitex Interdental Pro Toothbrush 2pk,https://www.aldi.com.au/fileadmin/_processed_/b/6/csm_ALN2853_HEALTH_1x1_228x128_4_5cb4d06f7a.jpg,2pk,95c per unit,1.89
Dentitex Orbit Toothbrush 2pk,https://www.aldi.com.au/fileadmin/_processed_/3/a/csm_ALN2364-7_HEALTH_1x1_228x128_3_e4b1c3337d.jpg,2pk,$1.65 per unit,3.29
Dentitex Mouthwash 1L Ultra Fresh or Tartar Control 1L,https://www.aldi.com.au/fileadmin/_processed_/d/b/csm_ALN3498_AUG_SSV_DIGITAL_1x1_228x128_31_545b9de1d2.jpg,1L,42c per 100ml,4.19
Dentitex Mouthwash 500ml,https://www.aldi.com.au/fileadmin/_processed_/7/1/csm_ALN3510_Q3_HEALTH_1x1_228x128_2_ccb4337aa7.jpg,500ml,70c per ml,3.49
Essential Health Paw Paw Ointment,https://www.aldi.com.au/fileadmin/_processed_/9/0/csm_ALN2364-7_HEALTH_1x1_228x128_6_678cce7213.jpg,ea,$9.56 per 100g,2.39
Essential Health Eucalyptus Oil 100ml,https://www.aldi.com.au/fileadmin/_processed_/f/b/csm_ALN3510_Q3_HEALTH_1x1_228x128_3_7dad452a16.jpg,100ml,$6.99 per 100ml,6.99
Hedafen Ibuprofen 24pk,https://www.aldi.com.au/fileadmin/_processed_/e/e/csm_ALN2364-7_HEALTH_1x1_228x128_7_5e19cb1d8b.jpg,24pk,6c per tablet,1.49
Hedafen Ibuprofen Liquid Gel Capsules 20pk,https://www.aldi.com.au/fileadmin/_processed_/0/8/csm_ALN3612_1x1_SSV-OCT-B2_228x128_30_bc76a15943.jpg,20pk,12c per capsule,2.39
Hedanol Paracetamol Capsule Shaped Tablets 20pk,https://www.aldi.com.au/fileadmin/_processed_/a/5/csm_ALN2364-7_HEALTH_1x1_228x128_9_c613cd50e7.jpg,,4c per tablet,0.75
Essential Health Effervescents 15pk,https://www.aldi.com.au/fileadmin/_processed_/c/3/csm_ALN2364-7_HEALTH_1x1_228x128_10_586cc47052.jpg,ea,30c per tablet,4.49
Essential Health Electrolytes 20pk,https://www.aldi.com.au/fileadmin/_processed_/9/3/csm_ALN2853_HEALTH_1x1_228x128__9c3f4c0792.jpg,20pk,27c per tablet,5.49
Essential Health First Aid Strips Plastic 100pk or Fabric 50pk,https://www.aldi.com.au/fileadmin/_processed_/d/b/csm_ALN3498_AUG_SSV_DIGITAL_1x1_228x128_33_651ac07fad.jpg,ea,2c-4c per strip,1.99
Essential Health Meal Replacement Shake 55g,https://www.aldi.com.au/fileadmin/_processed_/0/e/csm_ALN2364-7_HEALTH_1x1_228x128_12_2e957e4443.jpg,ea,$3.62 per 100g,1.99
Essential Health Protein Bar 30g,https://www.aldi.com.au/fileadmin/_processed_/0/3/csm_ALN2364-7_HEALTH_1x1_228x128_13_8e8f2dd529.jpg,ea,$4.97 per 100g,1.49
Onset Chocolate Protein Bars 51g-57g,https://www.aldi.com.au/fileadmin/_processed_/5/4/csm_ALN2853_HEALTH_1x1_228x128_3_2bdeaaea03.jpg,51g-57g,$5.86-$5.25 per 100g,2.99
Essential Health Meal Replacement Bar 55g,https://www.aldi.com.au/fileadmin/_processed_/4/6/csm_ALN3571_SEP_SSV_DIGITAL__B1__1x1_228x128_17_1eb47281b1.jpg,ea,$4.53 per 100g,2.49
Oh So Natural Cashew Spread 240g,https://www.aldi.com.au/fileadmin/_processed_/0/0/csm_ALN3478_NEW__B4__1x1_228x128__2cc1a1cfb2.jpg,,$2.08 per 100g,4.99
Westcliff Lime Cordial 1L,https://www.aldi.com.au/fileadmin/_processed_/b/b/csm_ALN3478_NEW__B4__1x1_228x128_2_0272aa9b77.jpg,,$1.99 per litre,1.99
Westcliff Assorted No Added Sugar Cordials 1L,https://www.aldi.com.au/fileadmin/_processed_/3/f/csm_ALN3478_NEW__B4__1x1_228x128_3_df76593021.jpg,ea,$2.49 per litre,2.49
Natural Elements Pet Nutrition Dog Food Roll 1.4kg,https://www.aldi.com.au/fileadmin/_processed_/5/6/csm_ALN3478_NEW__B4__1x1_228x128_4_07622cbe91.jpg,,29c per 100g,3.99
Yoguri High Protein Salted Caramel Yogurt 160g,https://www.aldi.com.au/fileadmin/_processed_/0/7/csm_ALN3478_NEW__B4__1x1_228x128_5_e025626679.jpg,,$1.12 per 100g,1.79
Urban Eats Punjabi Samosa 6pk/500g,https://www.aldi.com.au/fileadmin/_processed_/c/c/csm_ALN3478_NEW__B4__1x1_228x128_6_7273eb3f1a.jpg,6pk,$1.00 per 100g,4.99
Emporium Selection Ricotta in a Basket 500g,https://www.aldi.com.au/fileadmin/_processed_/c/2/csm_ALN3478_NEW__B4__1x1_228x128_7_c20f062f5b.jpg,,$9.98 per kg,4.99
Urban Eats Dumplings Family Pack 20pk/625g,https://www.aldi.com.au/fileadmin/_processed_/b/9/csm_ALN3478-2_NEW__B2__1x1_228x128__bfd0766859.jpg,,$1.60 per 100g,9.99
Urban Eats Bao Buns 8pk/256g,https://www.aldi.com.au/fileadmin/_processed_/5/8/csm_ALN3478-2_NEW__B2__1x1_228x128_2_0226d51210.jpg,,$1.44 per 100g,3.69
Forresters Roasted & Salted Peanuts 750g,https://www.aldi.com.au/fileadmin/_processed_/f/7/csm_ALN3478-2_NEW__B2__1x1_228x128_4_160733d980.jpg,,40c per 100g,2.99
Deli Originals Fresh Garlic Dip 200g,https://www.aldi.com.au/fileadmin/_processed_/a/a/csm_ALN3478-2_NEW__B3__1x1_228x128__2a8e95d82a.jpg,,$1.40 per 100g,2.79
Lodge Farms Large Free Range Eggs 18pk/900g,https://www.aldi.com.au/fileadmin/_processed_/0/3/csm_ALN3478-2_NEW__B3__1x1_228x128_2_f843e15ba9.jpg,,61c per 100g,5.49
Cachet Gourmet Cat Food Fish 85g,https://www.aldi.com.au/fileadmin/_processed_/f/5/csm_ALN3478-2_NEW__B3__1x1_228x128_5_3bf31854bf.jpg,,93c per 100g,0.79
Choceur Cookies & Cream Chocolate Block 180g,https://www.aldi.com.au/fileadmin/_processed_/a/a/csm_ALN3478-2_NEW__B3__1x1_228x128_6_99b91817ff.jpg,,$1.11 per 100g,1.99
Choceur Peanut & Crunchy Flakes Chocolate Block 200g,https://www.aldi.com.au/fileadmin/_processed_/5/1/csm_ALN3478-2_NEW__B3__1x1_228x128_7_9d3333b67b.jpg,,$1.00 per 100g,1.99
Just Organic Coconut Flakes 140g/200g,https://www.aldi.com.au/fileadmin/_processed_/1/6/csm_ALN3401-21_REDUCTIONS_FUTURE-PRICE-_RND21__1x1_228x128_1_7867d50243.jpg,ea,$24.22 - $16.95 per kg,3.39
Tibaldi Maple Cured Streaky Bacon 200g,https://www.aldi.com.au/fileadmin/_processed_/f/1/csm_W46_SUPER_SAVERS_MEAT_1x1__5ee7ec45de.jpg,200g,$19.95 per kg,3.99
"Ready, Set…Cook! Free Range Marinated Chicken Wings 500g",https://www.aldi.com.au/fileadmin/_processed_/f/c/csm_W46_SUPER_SAVERS_MEAT_1x1_2_262602e05f.jpg,500g,$11.98 per kg,5.99
KRC Pork Cordon Bleu 480g,https://www.aldi.com.au/fileadmin/_processed_/6/d/csm_W46_SUPER_SAVERS_MEAT_1x1_3_cd8e912565.jpg,480g,$18.73 per kg,8.99
Bruemar Pork Belly Bites 600g,https://www.aldi.com.au/fileadmin/_processed_/d/a/csm_W46_SUPER_SAVERS_MEAT_1x1_4_4fd8449a7f.jpg,600g,$21.65 per kg,12.99
Belmont Biscuit Co. Cookies & Crème 154g,https://www.aldi.com.au/fileadmin/_processed_/d/9/csm_ALN3478-NEW_1x1_228x128_31_36335cfc55.jpg,,64c per 100g,0.99
Power Force Anti Bac Plus Disinfectant Surface Spray 750ml,https://www.aldi.com.au/fileadmin/_processed_/2/4/csm_ALN3401-21_REDUCTIONS_FUTURE-PRICE-_RND21__1x1_228x128_2_1510cff7bb.jpg,,49c per 100ml,3.69
Killarnee Lamb Shanks per kg,https://www.aldi.com.au/fileadmin/_processed_/b/4/csm_ALN3401-20_REDUCTIONS_FUTURE-PRICE-_RND20__1x1_228x128_013f586bc5.jpg,per kg,$11.99 per kg,11.99
Just Organic Passata 690g,https://www.aldi.com.au/fileadmin/_processed_/3/8/csm_ALN3401-19_REDUCTIONS_FUTURE-PRICE-_RND19__1x1_228x128__7fddd013e5.jpg,690g,29c per 100g,1.99
Willowton Free Range Chicken Tenderloins 1kg,https://www.aldi.com.au/fileadmin/_processed_/7/f/csm_ALN3401-19_REDUCTIONS_FUTURE-PRICE-_RND19__1x1_228x128_2_e9b1ca5d4f.jpg,1kg,$16.49 per kg,16.49
Power Force Active Gel Discs Toilet Gel Discs 75ml,https://www.aldi.com.au/fileadmin/_processed_/3/1/csm_ALN3401-18_REDUCTIONS_FUTURE-PRICE-_RND18__1x1_228x128__ba0292357f.jpg,ea,$6.39 per 100ml,4.79
Ocean Royale Atlantic Salmon Portions 1kg,https://www.aldi.com.au/fileadmin/_processed_/2/a/csm_ALN3401-18_REDUCTIONS_FUTURE-PRICE-_RND18__1x1_228x128_2_7462dd41af.jpg,1kg,$22.99 per kg,22.99
Ocean Royale Raw Prawn Cutlets 500g,https://www.aldi.com.au/fileadmin/_processed_/9/7/csm_ALN3401-18_REDUCTIONS_FUTURE-PRICE-_RND18__1x1_228x128_3_286fc2bf76.jpg,500g,$25.98 per kg,12.99
Farmdale Lactose Free Milk 1L,https://www.aldi.com.au/fileadmin/_processed_/1/a/csm_ALN3401-18_REDUCTIONS_FUTURE-PRICE-_RND18__1x1_228x128_4_8848e3e645.jpg,1L,$1.49 per Litre,1.49
Farmdale Condensed Milk 397g,https://www.aldi.com.au/fileadmin/_processed_/6/4/csm_ALN3401-18_REDUCTIONS_FUTURE-PRICE-_RND18__1x1_228x128_5_4cc2b1af7f.jpg,397g,35c per 100g,1.39
The Cake Stall Muffins 480g/4pk,https://www.aldi.com.au/fileadmin/_processed_/6/e/csm_ALN3401-17_REDUCTIONS_FUTURE-PRICE-_RND17__1x1_228x128__e855728952.jpg,4pk,60c per 100g,2.89
The Cake Stall Muffins 480g/4pk,https://www.aldi.com.au/fileadmin/_processed_/2/e/csm_ALN3401-17_REDUCTIONS_FUTURE-PRICE-_RND17__1x1_228x128_2_2d2c0b35b4.jpg,4pk,60c per 100g,2.89
Willowton Free Range Chicken Breast Fillets 1kg,https://www.aldi.com.au/fileadmin/_processed_/c/3/csm_ALN3401-17_REDUCTIONS_FUTURE-PRICE-_RND17__1x1_228x128_3_2e67c2639a.jpg,1kg,$11.49 per kg,11.49
"Ready, Set…Cook! Boneless Butterflied Chicken 1kg",https://www.aldi.com.au/fileadmin/_processed_/6/4/csm_ALN3401-17_REDUCTIONS_FUTURE-PRICE-_RND17__1x1_228x128_4_2d50c3a8b2.jpg,ea,$9.49 per kg,9.49
Emporium Selection Dutch Cheese 230g/265g,https://www.aldi.com.au/fileadmin/_processed_/f/0/csm_ALN3401-16_REDUCTIONS_FUTURE-PRICE-_RND16__1x1_228x128__93121141c1.jpg,ea,$13.00/$11.28  per kg,2.99
Emporium Selection Dutch Cheese 200g/260g,https://www.aldi.com.au/fileadmin/_processed_/8/a/csm_ALN3401-16_REDUCTIONS_FUTURE-PRICE-_RND16__1x1_228x128_2_e4d5f41776.jpg,ea,$14.95/$11.50 per kg,2.99
Ocean Royale Barramundi Portions 1kg,https://www.aldi.com.au/fileadmin/_processed_/9/2/csm_ALN3401-15_REDUCTIONS_FUTURE-PRICE-_RND15__1x1_228x128__0f23490e2c.jpg,per kg,$17.99 per kg,17.99
Ocean Rise Premium Red Salmon 210g,https://www.aldi.com.au/fileadmin/_processed_/c/3/csm_ALN3401-15_REDUCTIONS_FUTURE-PRICE-_RND15__1x1_228x128_2_29b7a71ba5.jpg,210g,$23.76 per kg,4.99
SAN-I-PET Cat Litter Clumping 10kg,https://www.aldi.com.au/fileadmin/_processed_/e/a/csm_ALN3401-15_REDUCTIONS_FUTURE-PRICE-_RND15__1x1_228x128_4_8bf9c807b3.jpg,10kg,56c per kg,5.59
Farmdale Lactose Free Milk 1L,https://www.aldi.com.au/fileadmin/_processed_/4/1/csm_ALN3401-15_REDUCTIONS_FUTURE-PRICE-_RND15__1x1_228x128_7_48bed16dbb.jpg,1L,$1.49 per Litre,1.49
Westacre Spreadable Cream Cheese 250g,https://www.aldi.com.au/fileadmin/_processed_/1/5/csm_ALN3401-15_REDUCTIONS_FUTURE-PRICE-_RND15__1x1_228x128_8_c1e56beff5.jpg,250g,$9.56 per kg,2.39
Emporium Selection Brie Cheese 125g,https://www.aldi.com.au/fileadmin/_processed_/6/f/csm_ALN3401-15_REDUCTIONS_FUTURE-PRICE-_RND15__1x1_228x128_9_733ed5336b.jpg,125g,$21.52 per kg,2.69
Remano Italian Diced Tomatoes 400g,https://www.aldi.com.au/fileadmin/_processed_/0/d/csm_ALN3401-15_REDUCTIONS_FUTURE-PRICE-_RND15__1x1_228x128_10_62654eb9a9.jpg,400g,$2.48 per kg,0.99
Power Force Multi Purpose Sponge Scourer 5pk,https://www.aldi.com.au/fileadmin/_processed_/a/5/csm_ALN3401-15_REDUCTIONS_FUTURE-PRICE-_RND15__1x1_228x128_11_9cd91226f5.jpg,5pk,38c per unit,1.89
Farmdale Butter Milk 600ml,https://www.aldi.com.au/fileadmin/_processed_/9/f/csm_ALN3401-15_REDUCTIONS_FUTURE-PRICE-_RND15__1x1_228x128_12_055e9444ef.jpg,600ml,$3.31 per Litre,1.99
Remano Pesto Basil 190g,https://www.aldi.com.au/fileadmin/_processed_/c/f/csm_ALN3401-15_REDUCTIONS_FUTURE-PRICE-_RND15__1x1_228x128_13_c6cc984fc9.jpg,190g,94c per 100g,1.79
Remano Pesto Sundried Tomato 190g,https://www.aldi.com.au/fileadmin/_processed_/f/2/csm_ALN3401-15_REDUCTIONS_FUTURE-PRICE-_RND15__1x1_228x128_14_307f93d12b.jpg,190g,94c per 100g,1.79
Power Force Pro Glass Cleaner 750ml,https://www.aldi.com.au/fileadmin/_processed_/b/6/csm_ALN3401-15_REDUCTIONS_FUTURE-PRICE-_RND15__1x1_228x128_15_7e8091af83.jpg,750ml,21c per 100ml,1.59
White Mill Bread Crumbs 500g,https://www.aldi.com.au/fileadmin/_processed_/8/4/csm_ALN3401-15_REDUCTIONS_FUTURE-PRICE-_RND15__1x1_228x128_16_f8507e8cd8.jpg,500g,32c per 100g,1.59
Just Organic Tomato Paste 140g,https://www.aldi.com.au/fileadmin/_processed_/f/f/csm_ALN3401-15_REDUCTIONS_FUTURE-PRICE-_RND15__1x1_228x128_17_a013c13156.jpg,140g,68c per 100g,0.95
Essential Health Paw Paw Ointment 25g,https://www.aldi.com.au/fileadmin/_processed_/e/d/csm_ALN3401-14_REDUCTIONS_FUTURE-PRICE-_RND14-W40__1x1_228x128__efe1136761.jpg,,$9.56 per 100g,2.39
Ingham’s Chicken Burgers Jumbo 24pk/1.65kg,https://www.aldi.com.au/fileadmin/_processed_/e/a/csm_W46_SUPER_SAVERS_MEAT_1x1_5_0b65ab492e.jpg,24pk,$7.27 per kg,11.99
Specially Selected Gourmet Sausages 500g,https://www.aldi.com.au/fileadmin/_processed_/0/0/csm_ALN3662_1x1_SSV-NOV-B2_228x628__138570d505.jpg,ea,$11.98 per kg,5.99
The Fishmonger Fresh Tasmanian Salmon Fillets 4pk/460g,https://www.aldi.com.au/fileadmin/_processed_/a/6/csm_ALN3662_1x1_SSV-NOV-B2_228x628_2_19f30e980e.jpg,4pk,$21.72 per kg,9.99
Brooklea Strawberry Yogurt Squishy Super Size 150g,https://www.aldi.com.au/fileadmin/_processed_/7/d/csm_ALN3662_1x1_SSV-NOV-B1_228x628__171f753822.jpg,150g,66c per 100g,0.99
Brooklea Vanilla Yogurt Squishy Super Size 150g,https://www.aldi.com.au/fileadmin/_processed_/3/f/csm_ALN3662_1x1_SSV-NOV-B1_228x628_2_f9b4862ff5.jpg,150g,66c per 100g,0.99
Brooklea Blueberry Yogurt Squishy Super Size 150g,https://www.aldi.com.au/fileadmin/_processed_/1/f/csm_ALN3662_1x1_SSV-NOV-B1_228x628_3_746474e66d.jpg,150g,66c per 100g,0.99
Yopro Vanilla Yogurt Pouch 150g,https://www.aldi.com.au/fileadmin/_processed_/b/b/csm_ALN3662_1x1_SSV-NOV-B1_228x628_4_a544d01c82.jpg,150g,99c per 100g,1.49
Yopro Mango Yogurt Pouch 150g,https://www.aldi.com.au/fileadmin/_processed_/1/4/csm_ALN3662_1x1_SSV-NOV-B1_228x628_5_934b6191a4.jpg,150g,99c per 100g,1.49
Monarch Indulge Gourmet Ice Cream Cookies 4pk/560ml – Assorted Flavours,https://www.aldi.com.au/fileadmin/_processed_/1/8/csm_ALN3662_1x1_SSV-NOV-B1_228x628_6_d8ae197a7b.jpg,ea,62c per 100ml,3.49
Indulge Gourmet Ice Cream 1L – Vanilla Bean,https://www.aldi.com.au/fileadmin/_processed_/d/b/csm_ALN3662_1x1_SSV-NOV-B1_228x628_7_2027d400c9.jpg,1L,40c per 100ml,3.99
"Indulge Gourmet Ice Cream 1L – Coffee Mocha, Belgian Chocolate or White Choc Raspberry",https://www.aldi.com.au/fileadmin/_processed_/e/6/csm_ALN3662_1x1_SSV-NOV-B1_228x628_8_c8d254514d.jpg,ea,40c per 100ml,3.99
Indulge Gourmet Ice Cream 1L – Cookies & Cream,https://www.aldi.com.au/fileadmin/_processed_/5/3/csm_ALN3662_1x1_SSV-NOV-B1_228x628_9_56a88ea20f.jpg,1L,40c per 100ml,3.99
Streets Family Classic Value Pack 20pk/1.75L,https://www.aldi.com.au/fileadmin/_processed_/a/4/csm_ALN3662_1x1_SSV-NOV-B1_228x628_10_e0484f86eb.jpg,20pk,97c per 100ml,16.99
Milfina Summer Delight 6pk/540ml – Caramel,https://www.aldi.com.au/fileadmin/_processed_/3/7/csm_ALN3662_1x1_SSV-NOV-B1_228x628_11_e6de4aae73.jpg,6pk,74c per 100ml,3.99
Emporium Selection Persian Fetta 180g,https://www.aldi.com.au/fileadmin/_processed_/1/5/csm_ALN3662_1x1_SSV-NOV-B1_228x628_12_9162bd29f3.jpg,180g,$16.61 per kg,2.99
Snackers Market Little Pickers Cubed Tasty Cheese & Pretzels 40g,https://www.aldi.com.au/fileadmin/_processed_/6/9/csm_ALN3662_1x1_SSV-NOV-B1_228x628_13_ffaa28cfb8.jpg,40g,$24.75 per kg,0.99
Westacre Snack ’n’ Go 40g/50g,https://www.aldi.com.au/fileadmin/_processed_/0/f/csm_ALN3662_1x1_SSV-NOV-B1_228x628_14_47bb36f037.jpg,ea,$24.75/$19.80 per kg,0.99
Snackers Market Little Pickers Cubed Tasty Cheese & Mini Crackers 35g,https://www.aldi.com.au/fileadmin/_processed_/5/0/csm_ALN3662_1x1_SSV-NOV-B1_228x628_15_53a26d93bb.jpg,35g,$28.29 per kg,0.99
Westacre Cream Cheese Block 250g,https://www.aldi.com.au/fileadmin/_processed_/8/2/csm_ALN3662_1x1_SSV-NOV-B1_228x628_16_b7a7e637de.jpg,250g,$7.96 per kg,1.99
Farmdale Evaporated Milk 384ml/385ml,https://www.aldi.com.au/fileadmin/_processed_/6/a/csm_ALN3662_1x1_SSV-NOV-B1_228x628_17_f9bd7df289.jpg,384ml,$2.58 - $2.57 per litre,0.99
Farmdale Condensed Milk 397g,https://www.aldi.com.au/fileadmin/_processed_/c/b/csm_ALN3662_1x1_SSV-NOV-B1_228x628_18_ba22fcee3d.jpg,397g,25c per 100g,0.99
Deli Originals Fresh Topped Hommus 200g – Assorted Varieties,https://www.aldi.com.au/fileadmin/_processed_/8/b/csm_ALN3662_1x1_SSV-NOV-B1_228x628_19_5d8be2bb8f.jpg,ea,$1.00 per 100g,1.99
Deli Originals Fresh Multipack Hommus 3 x 65g,https://www.aldi.com.au/fileadmin/_processed_/a/a/csm_ALN3662_1x1_SSV-NOV-B1_228x628_20_7e30a770b7.jpg,3pk,76c per 100g,1.49
Snackers Market Dip and Crackers 65g – Hommus or Beetroot Hommus,https://www.aldi.com.au/fileadmin/_processed_/8/0/csm_ALN3662_1x1_SSV-NOV-B1_228x628_21_775151a48e.jpg,ea,$1.52 per 100g,0.99
Emporium Selection Bocconcini 200g,https://www.aldi.com.au/fileadmin/_processed_/3/5/csm_ALN3662_1x1_SSV-NOV-B1_228x628_22_e2dfce5ace.jpg,200g,$14.95 per kg,2.99
Pick’d Orange Juice With Pulp 2L,https://www.aldi.com.au/fileadmin/_processed_/c/f/csm_ALN3662_1x1_SSV-NOV-B1_228x628_23_b5f2e37304.jpg,2L,$2.00 per litre,3.99
Pick’d Fruitism Fruit Smoothie 1L – Assorted,https://www.aldi.com.au/fileadmin/_processed_/1/c/csm_ALN3662_1x1_SSV-NOV-B1_228x628_24_5913839e1d.jpg,ea,$3.49 per litre,3.49
Market Fare Corn Cobs 1kg,https://www.aldi.com.au/fileadmin/_processed_/9/4/csm_ALN2853_AWARDS_FROZEN_FOOD_1x1_228x128__e655e9c06c.jpg,,see price in store*,
Market Fare Corn Kernels 1kg,https://www.aldi.com.au/fileadmin/_processed_/a/2/csm_ALN2853_AWARDS_FROZEN_FOOD_1x1_228x128_2_b2bba5422e.jpg,,$2.49 per kg,2.49
Market Fare Garden Peas 1kg,https://www.aldi.com.au/fileadmin/_processed_/4/a/csm_ALN2853_AWARDS_FROZEN_FOOD_1x1_228x128_3_591795a34d.jpg,,$1.99 per kg,1.99
Market Fare Baby Peas 1kg,https://www.aldi.com.au/fileadmin/_processed_/1/5/csm_ALN3354_Q2-WEB-AUDIT_1x1_228x128_21_ac3d848ecf.jpg,1kg,$2.99 per kg,2.99
"Market Fare Peas, Carrots & Corn 1kg",https://www.aldi.com.au/fileadmin/_processed_/a/b/csm_ALN2853_AWARDS_FROZEN_FOOD_1x1_228x128_4_32b4dc35ff.jpg,,$2.79 per kg,2.79
Market Fare Green Beans 1kg,https://www.aldi.com.au/fileadmin/_processed_/f/0/csm_ALN2853_AWARDS_FROZEN_FOOD_1x1_228x128_5_728efad4f0.jpg,,$1.99 per kg,1.99
Market Fare Broccoli 500g,https://www.aldi.com.au/fileadmin/_processed_/c/b/csm_ALN2853_AWARDS_FROZEN_FOOD_1x1_228x128_6_31d847d825.jpg,,$4.58 per kg,2.29
Market Fare Spinach 250g,https://www.aldi.com.au/fileadmin/_processed_/a/d/csm_ALN2853_AWARDS_FROZEN_FOOD_1x1_228x128_7_e00448fa4c.jpg,,$3.56 per kg,0.89
Market Fare Winter Vegetables 1kg,https://www.aldi.com.au/fileadmin/_processed_/1/8/csm_ALN3354_Q2-WEB-AUDIT_1x1_228x128_23_0421a1bc07.jpg,,$2.79 per kg,2.79
Market Fare Stir Fry Vegetables 850g,https://www.aldi.com.au/fileadmin/_processed_/d/3/csm_ALN2853_FROZEN_FOOD_1x1_228x128_2_b87e9b8cb1.jpg,850g,$4.11 per kg,3.49
Market Fare Cauliflower or Broccoli Bake 800g,https://www.aldi.com.au/fileadmin/_processed_/b/6/csm_ALN2853_AWARDS_FROZEN_FOOD_1x1_228x128_8_b9622172af.jpg,ea,$6.24 per kg,4.99
The Best Margherita Pizza Ever 365g,https://www.aldi.com.au/fileadmin/_processed_/f/5/csm_ALN2626_MARGHERITA_PIZZA_1x1_228x128_663241c472.jpg,,$1.37 per 100g,4.99
International Cuisine Supreme Family Pizza 500g,https://www.aldi.com.au/fileadmin/_processed_/6/f/csm_ALN3354_Q2-WEB-AUDIT_1x1_228x128_22_122e481418.jpg,,59c per 100g,2.99
International Cuisine Beef Lasagne 2kg,https://www.aldi.com.au/fileadmin/_processed_/5/1/csm_ALN3510_Q3_FREEZER_1x1_228x128__b8af1468ed.jpg,,43c per 100g,8.49
Julius Dog Treats 2pk or 4pk,https://www.aldi.com.au/fileadmin/_processed_/1/d/csm_ALN3401-14_REDUCTIONS_FUTURE-PRICE-_RND14-W40__1x1_228x128_2_bd1bf904bf.jpg,ea,$1.85 - 92c each,3.69
Just Organic Apple Cider Vinegar 500ml,https://www.aldi.com.au/fileadmin/_processed_/6/b/csm_ALN3401-14_REDUCTIONS_FUTURE-PRICE-_RND14-W40__1x1_228x128_3_76922bca87.jpg,,64c per 100ml,3.19
Hillcrest Nut Bars 6 Pack/225g,https://www.aldi.com.au/fileadmin/_processed_/5/a/csm_ALN3401-14_REDUCTIONS_FUTURE-PRICE-_RND14-W40__1x1_228x128_14_3541408b07.jpg,6pk,$1.15 per 100g,2.59
Piatti Fresh 9 Slice Garlic Bread 270g,https://www.aldi.com.au/fileadmin/_processed_/2/3/csm_ALN3401-14_REDUCTIONS_FUTURE-PRICE-_RND14-W40__1x1_228x128_6_67fed68e86.jpg,,$1.07 per 100g,2.89
Emporium Selection Smooth Ricotta 375g,https://www.aldi.com.au/fileadmin/_processed_/a/6/csm_ALN3401-14_REDUCTIONS_FUTURE-PRICE-_RND14-W40__1x1_228x128_7_f9eeb01680.jpg,,$7.44 per kg,2.79
Di San Laundry Sanitiser 1L,https://www.aldi.com.au/fileadmin/_processed_/3/6/csm_ALN3401-14_REDUCTIONS_FUTURE-PRICE-_RND14-W40__1x1_228x128_8_0fa052a6d2.jpg,,$3.79 per Litre,3.79
Has No Gluten Free Coconut Macaroon 160g,https://www.aldi.com.au/fileadmin/_processed_/e/7/csm_ALN3401-14_REDUCTIONS_FUTURE-PRICE-_RND14-W40__1x1_228x128_10_aff13f483f.jpg,,$1.49 per 100g,2.39
Hillcrest Fruity Filled Bars 6 Pack/225g,https://www.aldi.com.au/fileadmin/_processed_/0/3/csm_ALN3401-14_REDUCTIONS_FUTURE-PRICE-_RND14-W40__1x1_228x128_4_dc7f345163.jpg,6pk,$1.02 per 100g,2.29
Seasons Pride Potato Jewels 1kg,https://www.aldi.com.au/fileadmin/_processed_/c/8/csm_ALN3401-14_REDUCTIONS_FUTURE-PRICE-_RND14-W40__1x1_228x128_11_2d7f64483d.jpg,,$2.59 per kg,2.59
Anco Soft Frabric Softener 1L,https://www.aldi.com.au/fileadmin/_processed_/2/5/csm_ALN3401-14_REDUCTIONS_FUTURE-PRICE-_RND14-W40__1x1_228x128_12_9e98766300.jpg,ea,$3.49 per Litre,3.49
Market Fare Corn Kernels 1kg,https://www.aldi.com.au/fileadmin/_processed_/b/e/csm_ALN3401-14_REDUCTIONS_FUTURE-PRICE-_RND14-W40__1x1_228x128_13_7cfc3f07bd.jpg,,$2.49 per kg,2.49
Farmwood Tempura Chicken Nuggets 400g,https://www.aldi.com.au/fileadmin/_processed_/2/7/csm_ALN3401-13_REDUCTIONS_FUTURE-PRICE-_RND13-W39__1x1_228x128__1853cdcbdb.jpg,,$8.48 per kg,3.39
Mamia Fruit & Oat Bars 90g,https://www.aldi.com.au/fileadmin/_processed_/7/b/csm_ALN3401-13_REDUCTIONS_FUTURE-PRICE-_RND13-W39__1x1_228x128_2_c5784f0ccb.jpg,,$2.99 per 100g,2.69
Colway Squeezy Mayonnaise 475g/535g,https://www.aldi.com.au/fileadmin/_processed_/1/e/csm_ALN3401-12_REDUCTIONS_FUTURE-PRICE-_RND12-W38__1x1_228x128__8ee501f45b.jpg,,55c/48c per 100g,2.59
Dairy Dream Greek Style Yogurt 750g/6pk,https://www.aldi.com.au/fileadmin/_processed_/7/e/csm_ALN3401-12_REDUCTIONS_FUTURE-PRICE-_RND12-W38__1x1_228x128_2_892d2a0d23.jpg,6pk,63c per 100g,4.69
Power Force Pro Disinfectant Wipes 120pk,https://www.aldi.com.au/fileadmin/_processed_/7/d/csm_ALN3401-12_REDUCTIONS_FUTURE-PRICE-_RND12-W38__1x1_228x128_3_6250e7fc52.jpg,120pk,$2.49 per 100 wipes,2.99
Hillcrest Fruit Rolls 6pk/94g,https://www.aldi.com.au/fileadmin/_processed_/8/9/csm_ALN3401-12_REDUCTIONS_FUTURE-PRICE-_RND12-W38__1x1_228x128_4_d8acff9dee.jpg,6pk,$3.18 per 100g,2.99
Silvesters Cat Food 12x85g,https://www.aldi.com.au/fileadmin/_processed_/1/9/csm_ALN3401-12_REDUCTIONS_FUTURE-PRICE-_RND12-W38__1x1_228x128_5_9debf450e7.jpg,12pk,44c per 100g,4.49
Bakers Life Lower Carb High Protein Burger Buns 140g/2pk,https://www.aldi.com.au/fileadmin/_processed_/7/0/csm_ALN3401-11_REDUCTIONS_FUTURE-PRICE-_RND10__1x1_228x128__8996285e2f.jpg,2pk,$1.92 per 100g,2.69
Sunnyvale Table Spread 1kg,https://www.aldi.com.au/fileadmin/_processed_/6/9/csm_ALN3401-9_REDUCTIONS_FUTURE-PRICE-_RND9__1x1_228x128_6_6c20f23198.jpg,1kg,17c per 100g,1.69
Protane Shampoo 400ml,https://www.aldi.com.au/fileadmin/_processed_/5/7/csm_ALN3401-9_REDUCTIONS_FUTURE-PRICE-_RND9__1x1_228x128_2_0c03d3f89a.jpg,ea,75c per 100ml,2.99
Protane Conditioner 400ml,https://www.aldi.com.au/fileadmin/_processed_/e/4/csm_ALN3401-9_REDUCTIONS_FUTURE-PRICE-_RND9__1x1_228x128_3_6d6e5ef5a5.jpg,ea,75c per 100ml,2.99
Tricare Foam Soap 250ml,https://www.aldi.com.au/fileadmin/_processed_/0/d/csm_ALN3401-9_REDUCTIONS_FUTURE-PRICE-_RND9__1x1_228x128_4_8417f66a74.jpg,ea,76c per 100ml,1.89
Bakers Life Turkish Bread 400g,https://www.aldi.com.au/fileadmin/_processed_/c/8/csm_ALN3401-10_REDUCTIONS_FUTURE-PRICE-_RND9-ADDITIONS__1x1_228x128__3593e3e0ea.jpg,400g,50c per 100g,1.99
LACURA  Essentials BB Cream SPF 15 50ml,https://www.aldi.com.au/fileadmin/_processed_/7/d/csm_ALN1075_SKIN_CARE_UPDATE_1x1_228x128_6_2dac99110b.jpg,,$9.98 per 100ml,4.99
LACURA  Essentials Purify Exfoliating Wash 150ml,https://www.aldi.com.au/fileadmin/_processed_/7/d/csm_ALP0614_WEB_AUDIT_2Q_LACURA_1x1_128x228__7337596be1.jpg,,$2.53 per 100ml,3.79
LACURA  Essentials Caring Cleansing Gel 150ml,https://www.aldi.com.au/fileadmin/_processed_/e/9/csm_ALP0614_WEB_AUDIT_2Q_LACURA_1x1_128x228_2_238ffd9714.jpg,,$2.53 per 100ml,3.79
LACURA  Essentials Fine Balance Foaming Cleansing Gel 150ml,https://www.aldi.com.au/fileadmin/_processed_/1/6/csm_ALP0614_WEB_AUDIT_2Q_LACURA_1x1_128x228_3_41952414db.jpg,,$2.53 per 100ml,3.79
LACURA  Essentials Fine Balance Cleansing Wipes 30pk,https://www.aldi.com.au/fileadmin/_processed_/8/5/csm_ALC7782_THE_BLOCK_1x1_228x128_46_14b472b3c8.jpg,30pk,6c per wipe,1.69
LACURA  Essentials Caring Cleansing Wipes 30pk,https://www.aldi.com.au/fileadmin/_processed_/d/8/csm_ALC7782_THE_BLOCK_1x1_228x128_47_c420f81809.jpg,,6c per wipe,1.69
LACURA  Essentials Make Up Rounds 80pk,https://www.aldi.com.au/fileadmin/_processed_/7/7/csm_ALN1075_SKIN_CARE_UPDATE_1x1_228x128_9_1dbf20698f.jpg,,$1.74 per 100 rounds,1.39
LACURA  Essentials Women's Comfort Touch 3 Blade Disposable Razors 8pk,https://www.aldi.com.au/fileadmin/_processed_/5/c/csm_ALN1075_SKIN_CARE_UPDATE_1x1_228x128_11_f02b9d87a7.jpg,,50c per unit,3.99
LACURA  Skin Science Renew Expert Double Effect Eye Gel 15ml,https://www.aldi.com.au/fileadmin/_processed_/b/f/csm_ALN3510_Q3_BEAUTY_1x1_228x128_8_e268545a92.jpg,,$73.27 per 100ml,10.99
LACURA  Skin Science Renew Expert Wrinkle Smoother 15ml,https://www.aldi.com.au/fileadmin/_processed_/7/9/csm_ALN2147_Q4_SKIN-CARE_1x1_228x128_10_7ffbef2e32.jpg,,$73.27 per 100ml,10.99
World Kitchen Pork and Ginger Dumplings 300g,https://www.aldi.com.au/fileadmin/_processed_/9/0/csm_ALN3662_1x1_SSV-NOV-B1_228x628_25_e7225e86e3.jpg,300g,$1.66 per 100g,4.99
Blackstone Flavoured Popcorn 90g – Assorted Flavours,https://www.aldi.com.au/fileadmin/_processed_/1/7/csm_ALN3662_1x1_SSV-NOV-B1_228x628_26_aa4291ae6f.jpg,ea,$2.21 per 100g,1.99
Blackstone Purple Potato & Sweet Potato Chips 120g,https://www.aldi.com.au/fileadmin/_processed_/3/6/csm_ALN3662_1x1_SSV-NOV-B1_228x628_27_8f1db2a059.jpg,120g,$2.08 per 100g,2.49
Just Organic Corn Chips 200g,https://www.aldi.com.au/fileadmin/_processed_/9/5/csm_ALN3662_1x1_SSV-NOV-B1_228x628_28_395c3c27ae.jpg,200g,$1.00 per 100g,1.99
Expressi Coffee Capsule Machine ONE,https://www.aldi.com.au/fileadmin/_processed_/b/7/csm_ALN3662_1x1_SSV-NOV-B1_228x628_29_f808646dd7.jpg,,,69.99
Nescafé Original 200g,https://www.aldi.com.au/fileadmin/_processed_/1/4/csm_ALN3662_1x1_SSV-NOV-B1_228x628_30_fc561f63c1.jpg,200g,$2.50 per 100g,4.99
Yellowglen Chardonnay Pinot Noir & Prosecco NV 750ml,https://www.aldi.com.au/fileadmin/_processed_/2/0/csm_ALN3662_1x1_SSV-NOV-B1_228x628_31_eed46ea727.jpg,750ml,,6.49
Yellowglen Chardonnay Pinot Noir Prosecco & Rose NV 750ml,https://www.aldi.com.au/fileadmin/_processed_/4/f/csm_ALN3662_1x1_SSV-NOV-B1_228x628_32_449b34fb4f.jpg,750ml,,6.49
El Toro Macho Superior Tempranillo and Bobal 750ml,https://www.aldi.com.au/fileadmin/_processed_/9/c/csm_ALN3662_1x1_SSV-NOV-B1_228x628_33_c60e135579.jpg,750ml,,4.99
"Coraggioso Nero d’Avola Sicily, Italy 750ml",https://www.aldi.com.au/fileadmin/_processed_/b/e/csm_ALN3662_1x1_SSV-NOV-B1_228x628_34_e60c69e043.jpg,750ml,,4.99
Loire Valley Sauvignon Blanc 750ml – Product of France,https://www.aldi.com.au/fileadmin/_processed_/3/5/csm_ALN3662_1x1_SSV-NOV-B1_228x628_35_a8fef146e5.jpg,750ml,,7.49
"Loire Valley Cabernet Franc Rosé 750ml –  IGP Loire Valley, France",https://www.aldi.com.au/fileadmin/_processed_/1/4/csm_ALN3662_1x1_SSV-NOV-B1_228x628_36_05da8ea2af.jpg,750ml,,7.49
Cape Cyan Natural Blonde Beer 6 x 330ml,https://www.aldi.com.au/fileadmin/_processed_/6/2/csm_ALN3662_1x1_SSV-NOV-B1_228x628_37_ba41503b8e.jpg,6pk,,7.99
Damora Specialty Crackers 100g,https://www.aldi.com.au/fileadmin/_processed_/8/0/csm_ALN3662_1x1_SSV-NOV-B1_228x628_38_9f6a0db7a2.jpg,ea,$2.99 per 100g,2.99
Emporium Selection Goat’s Cheese 110g,https://www.aldi.com.au/fileadmin/_processed_/3/c/csm_ALN3662_1x1_SSV-NOV-B1_228x628_39_4cedffec44.jpg,ea,$18.09 per kg,1.99
Emporium Selection Dutch Cheese 200g/260g,https://www.aldi.com.au/fileadmin/_processed_/0/c/csm_ALN3662_1x1_SSV-NOV-B1_228x628_40_5b89fc5f2f.jpg,ea,$14.96/$11.50 per kg,2.99
Emporium Selection Smooth Blue Cheese 200g,https://www.aldi.com.au/fileadmin/_processed_/e/b/csm_ALN3662_1x1_SSV-NOV-B1_228x628_41_8aecabad8a.jpg,200g,$19.95 per kg,3.99
Forresters Mixed Nuts 375g,https://www.aldi.com.au/fileadmin/_processed_/5/d/csm_ALN3662_1x1_SSV-NOV-B1_228x628_42_5761159ae2.jpg,375g,$5.31 per kg,1.99
Just Organic Pitted Kalamata Olives 350g,https://www.aldi.com.au/fileadmin/_processed_/9/9/csm_ALN3662_1x1_SSV-NOV-B1_228x628_43_ebca4b1716.jpg,350g,$5.69 per kg,1.99
Deli Originals Antipasti 280g,https://www.aldi.com.au/fileadmin/_processed_/b/0/csm_ALN3662_1x1_SSV-NOV-B1_228x628_44_4fd3fc7816.jpg,ea,$7.11 per kg,1.99
Deli Originals Sundried Tomatoes 280g,https://www.aldi.com.au/fileadmin/_processed_/0/1/csm_ALN3662_1x1_SSV-NOV-B1_228x628_45_22e06cb53f.jpg,ea,$7.11 per kg,1.99
Orchard & Vine Blueberries 500g,https://www.aldi.com.au/fileadmin/_processed_/d/8/csm_ALN2364_FROZEN_FOOD_1x1_228x128_3_97631fd247.jpg,,$8.98 per kg,4.49
Kenny’s Frozen Dessert 475ml,https://www.aldi.com.au/fileadmin/_processed_/8/a/csm_ALN2853_FROZEN_FOOD_1x1_228x128_8_4f548ce5ec.jpg,475ml,$1.05 per 100ml,4.99
Bakers Life Turkish Rolls 3pk/450g,https://www.aldi.com.au/fileadmin/_processed_/1/c/csm_ALN3401-10_REDUCTIONS_FUTURE-PRICE-_RND9-ADDITIONS__1x1_228x128_2_e4203af392.jpg,3pk,66c each,1.99
Jindurra Station Beef Rump Steak per kg,https://www.aldi.com.au/fileadmin/_processed_/6/a/csm_ALN3401-9_REDUCTIONS_FUTURE-PRICE-_RND9__1x1_228x128_5_528982334f.jpg,per kg,$14.99 per kg,14.99
Jindurra Station 3 Star Beef Mince per kg,https://www.aldi.com.au/fileadmin/_processed_/9/d/csm_ALN3401-7_REDUCTIONS_FUTURE-PRICE-_RND8__1x1_228x128_3_d85305c2d1.jpg,per kg,$9.99 per kg,9.99
Ironbark Pork Mince 500g,https://www.aldi.com.au/fileadmin/_processed_/b/3/csm_ALN3401-7_REDUCTIONS_FUTURE-PRICE-_RND8__1x1_228x128__66170fb513.jpg,500g,$8.98 per kg,4.49
Jindurra Station 2 Star Beef Mince 500g,https://www.aldi.com.au/fileadmin/_processed_/8/2/csm_ALN3401-7_REDUCTIONS_FUTURE-PRICE-_RND8__1x1_228x128_2_b528f01381.jpg,500g,$10.98 per kg,5.49
Forresters Cashews - Roasted and Salted 750g,https://www.aldi.com.au/fileadmin/_processed_/7/b/csm_ALN3401-7_REDUCTIONS_FUTURE-PRICE-_RND8__1x1_228x128_4_8446ee25c9.jpg,750g,$17.32 per kg,12.99
Bakers Life Bagels 396g/4pk,https://www.aldi.com.au/fileadmin/_processed_/e/2/csm_ALN3401-7_REDUCTIONS_FUTURE-PRICE-_RND8__1x1_228x128_5_dd902e7c37.jpg,4pk,63c per 100g,2.49
Mamia Baby Wipes Embossed Fragrance Free 80pk,https://www.aldi.com.au/fileadmin/_processed_/b/b/csm_ALN3388_REDUCTIONS_1x1_228x128_B2_29_c4525691e4.jpg,80pk,$3.36 per 100 wipes,2.69
Yoguri High Protein Greek Style Yogurt 140g,https://www.aldi.com.au/fileadmin/_processed_/e/0/csm_ALN3447-3_REDUCTIONS_JULY_1x1_228x128__8eea685185.jpg,140g,$1.06 per 100g,1.49
Sweet Valley Fruit Snacks in Juice 500g,https://www.aldi.com.au/fileadmin/_processed_/1/e/csm_ALN3447-3_REDUCTIONS_JULY_1x1_228x128_4_978b23b62f.jpg,500g,$3.98 per kg,1.99
White Mill Brownie Mix 500g,https://www.aldi.com.au/fileadmin/_processed_/b/6/csm_ALN3447-3_REDUCTIONS_JULY_1x1_228x128_5_37142f80bd.jpg,500g,50c per 100g,2.49
Remano Oil Olive 1L,https://www.aldi.com.au/fileadmin/_processed_/e/d/csm_ALN3447-3_REDUCTIONS_JULY_1x1_228x128_6_15d22dafbc.jpg,1L,55c per 100ml,5.49
Solesta Orange Drink 4L,https://www.aldi.com.au/fileadmin/_processed_/c/4/csm_ALN3447-3_REDUCTIONS_JULY_1x1_228x128_8_5d889bad77.jpg,4L,90c per litre,3.59
Farmdale Evaporated Milk 384ml,https://www.aldi.com.au/fileadmin/_processed_/d/9/csm_ALN3447-3_REDUCTIONS_JULY_1x1_228x128_9_c3261d0a26.jpg,384ml,$4.66 per litre,1.79
Solesta Orange & Mango Drink 2L,https://www.aldi.com.au/fileadmin/_processed_/3/7/csm_ALN3447-3_REDUCTIONS_JULY_1x1_228x128_10_9c742f7e48.jpg,2L,90c per litre,1.79
World Kitchen Lasagne 1.2kg,https://www.aldi.com.au/fileadmin/_processed_/c/5/csm_ALN3447-3_REDUCTIONS_JULY_1x1_228x128_11_ebd4b4a4ac.jpg,1.2kg,54c per 100g,6.49
Bramwells Mixed Blossom Honey 375g,https://www.aldi.com.au/fileadmin/_processed_/0/4/csm_ALN3447-3_REDUCTIONS_JULY_1x1_228x128_12_d990af0ea7.jpg,375g,$1.06 per 100g,3.99
Solesta Orange & Passionfruit Fruit Drink 2L,https://www.aldi.com.au/fileadmin/_processed_/c/4/csm_ALN3447-3_REDUCTIONS_JULY_1x1_228x128_13_a238425d77.jpg,2L,90c per litre,1.79
Ombra Sunscreen SPF50+ 100ml,https://www.aldi.com.au/fileadmin/_processed_/a/9/csm_ALN3447-3_REDUCTIONS_JULY_1x1_228x128_14_9f52c56c33.jpg,100ml,$2.19 per 100ml,2.19
Forresters Raw Cashews 750g,https://www.aldi.com.au/fileadmin/_processed_/3/c/csm_ALN3447-3_REDUCTIONS_JULY_1x1_228x128_15_5f72c695e2.jpg,750g,$15.99 per kg,11.99
Forresters Raw Walnuts 500g,https://www.aldi.com.au/fileadmin/_processed_/d/d/csm_ALN3447-3_REDUCTIONS_JULY_1x1_228x128_16_90d8471993.jpg,500g,$15.98 per kg,7.99
Forresters Almond Meal 400g,https://www.aldi.com.au/fileadmin/_processed_/7/b/csm_ALN3447-3_REDUCTIONS_JULY_1x1_228x128_17_e8e8af85e4.jpg,400g,$14.98 per kg,5.99
Uncle Toby's Oats Sachets 12pk/420g,https://www.aldi.com.au/fileadmin/_processed_/8/7/csm_ALN3401-6_REDUCTIONS_FUTURE-PRICE-_RND7__1x1_228x128_1_5258409c40.jpg,12pk,$1.26 per 100g,5.29
Hillcrest Protein Bars 5pk/200g,https://www.aldi.com.au/fileadmin/_processed_/9/5/csm_ALN3401-5_REDUCTIONS_FUTURE-PRICE-_RND6__1x1_228x128_65ef05b941.jpg,ea,$1.50 per 100g,2.99
Mamia Nappy Pants Walker 26pk,https://www.aldi.com.au/fileadmin/_processed_/a/4/csm_ALN3401-4_REDUCTIONS_FUTURE-PRICE-_RND5__1x1_228x128_3_4388d3313e.jpg,,35c per nappy,8.99
Mamia Nappy Pants Junior 24pk,https://www.aldi.com.au/fileadmin/_processed_/a/c/csm_ALN3401-4_REDUCTIONS_FUTURE-PRICE-_RND5__1x1_228x128_4_74f39e4fa1.jpg,,37c per nappy,8.99
LACURA  Skin Science Renew Day Cream SPF 15 50ml,https://www.aldi.com.au/fileadmin/_processed_/5/1/csm_ALN3510_Q3_BEAUTY_1x1_228x128_13_418604b98b.jpg,,$15.98 per 100ml,7.99
LACURA  Skin Science Renew Night Cream 50ml,https://www.aldi.com.au/fileadmin/_processed_/8/d/csm_ALN3510_Q3_BEAUTY_1x1_228x128_14_67b77323e1.jpg,,$15.98 per 100ml,7.99
LACURA  Skin Science Renew Serum 50ml,https://www.aldi.com.au/fileadmin/_processed_/e/d/csm_ALN3510_Q3_BEAUTY_1x1_228x128_12_3e4b1c9e23.jpg,,$15.98 per 100ml,7.99
LACURA  Essentials Renew Cleansing Wipes 30pk,https://www.aldi.com.au/fileadmin/_processed_/f/8/csm_ALC7782_THE_BLOCK_1x1_228x128_49_b2fd8e8bc4.jpg,,6c per wipe,1.69
LACURA® Renew Expert Face Cream Day 50ml,https://www.aldi.com.au/fileadmin/_processed_/d/4/csm_ALN3510_Q3_BEAUTY_1x1_228x128_6_c0b4f96dd3.jpg,,$21.98 per 100ml,10.99
LACURA® Renew Expert Face Cream Night 50ml,https://www.aldi.com.au/fileadmin/_processed_/8/c/csm_ALN3510_Q3_BEAUTY_1x1_228x128_7_3134655ad4.jpg,,$21.98 per 100ml,10.99
LACURA® Renew Expert Firming Eye Gel 15ml,https://www.aldi.com.au/fileadmin/_processed_/b/f/csm_ALN3510_Q3_BEAUTY_1x1_228x128_8_e268545a92.jpg,,$21.98 per 100ml,10.99
LACURA® Revive Intensive Serum Night Elixir 30ml,https://www.aldi.com.au/fileadmin/_processed_/2/7/csm_ALN3510_Q3_BEAUTY_1x1_228x128_9_0c955c884e.jpg,,$36.63 per 100ml,10.99
LACURA® Revive Intensive Serum Hyaluronic Gel 30ml,https://www.aldi.com.au/fileadmin/_processed_/2/9/csm_ALN3510_Q3_BEAUTY_1x1_228x128_10_d0c5e42584.jpg,,$36.63 per 100ml,10.99
LACURA® Revive Intensive Serum Moisture Boost 15ml,https://www.aldi.com.au/fileadmin/_processed_/c/9/csm_ALN3510_Q3_BEAUTY_1x1_228x128_11_d8ecd7bb0a.jpg,,$73.27 per 100ml,10.99
LACURA  Skin Science Revitalise Expert Neck & Décolleté Serum 50ml,https://www.aldi.com.au/fileadmin/_processed_/d/4/csm_ALN3510_Q3_BEAUTY_1x1_228x128_4_7ecab52a65.jpg,,$21.98 per 100ml,10.99
LACURA  Skin Science Revitalise Expert Eye Cream 15ml,https://www.aldi.com.au/fileadmin/_processed_/f/5/csm_ALN3510_Q3_BEAUTY_1x1_228x128_5_52e0ba549e.jpg,,$21.98 per 100ml,10.99
LACURA  Essentials Revitalise Cleansing Wipes 30pk,https://www.aldi.com.au/fileadmin/_processed_/6/d/csm_ALC7782_THE_BLOCK_1x1_228x128_48_bd33cd66a1.jpg,,6c per wipe,1.69
LACURA® Revitalise Face Cream for Mature Skin Cream Day 50ml,https://www.aldi.com.au/fileadmin/_processed_/f/3/csm_ALN3510_Q3_BEAUTY_1x1_228x128__686939478a.jpg,,$15.98 per 100ml,7.99
LACURA® Revitalise Face Cream for Mature Skin Cream Night 50ml,https://www.aldi.com.au/fileadmin/_processed_/7/3/csm_ALN3510_Q3_BEAUTY_1x1_228x128_2_46011aced0.jpg,,$15.98 per 100ml,7.99
LACURA  Revitalise Mature Skin Serum 50ml,https://www.aldi.com.au/fileadmin/_processed_/e/d/csm_ALN3510_Q3_BEAUTY_1x1_228x128_15_f0cf826099.jpg,,$15.98 per 100ml,7.99
LACURA® Skin Science Revitalise Expert Face Care Day Cream 50ml,https://www.aldi.com.au/fileadmin/_processed_/c/d/csm_ALN3510_Q3_BEAUTY_1x1_228x128_3_a5c6dc920b.jpg,,$21.98 per 100ml,10.99
LACURA® Skin Science Revitalise Expert Face Care Neck Cream 50ml,https://www.aldi.com.au/fileadmin/_processed_/c/e/csm_ALN3510_Q3_BEAUTY_1x1_228x128_4_5059aee3dd.jpg,,$21.98 per 100ml,10.99
LACURA® Skin Science Revitalise Expert Face Care Eye Cream 15ml,https://www.aldi.com.au/fileadmin/_processed_/5/4/csm_ALN3510_Q3_BEAUTY_1x1_228x128_5_a04abee8f9.jpg,,$73.27 per 100ml,10.99
LACURA  Naturals Revitalising Facial Foaming Cleanser 150ml,https://www.aldi.com.au/fileadmin/_processed_/e/8/csm_ALN1075_SKIN_CARE_UPDATE_1x1_228x128_25_76e9bdcba0.jpg,,$3.99 per 100ml,5.99
LACURA  Naturals Pore Cleansing Clarifying Facial Scrub 150ml,https://www.aldi.com.au/fileadmin/_processed_/1/b/csm_ALN1075_SKIN_CARE_UPDATE_1x1_228x128_26_20d4d20ddc.jpg,,$3.99 per 100ml,5.99
LACURA  Naturals Invigorating Exfoliating Facial Scrub 150ml,https://www.aldi.com.au/fileadmin/_processed_/7/6/csm_ALN1075_SKIN_CARE_UPDATE_1x1_228x128_27_6a0455746a.jpg,,$3.99 per 100ml,5.99
LACURA  Naturals Anti-Aging Day Cream with Liquorice Extract Oil & Silk Protein 50ml,https://www.aldi.com.au/fileadmin/_processed_/9/5/csm_ALN1075_SKIN_CARE_UPDATE_1x1_228x128_24_785043bbbe.jpg,,$15.98 per 100ml,7.99
LACURA  Naturals Anti-Aging Night Cream with Rice Bran Oil & Silk Protein 50ml,https://www.aldi.com.au/fileadmin/_processed_/6/4/csm_ALN1075_SKIN_CARE_UPDATE_1x1_228x128_23_5dcf16da94.jpg,,$15.98 per 100ml,7.99
LACURA  Naturals Anti-Aging Serum with Ginger Extract & Silk Protein 30ml,https://www.aldi.com.au/fileadmin/_processed_/4/b/csm_ALN1075_SKIN_CARE_UPDATE_1x1_228x128_21_d392e88049.jpg,,$26.63 per 100ml,7.99
LACURA  Naturals Anti-Aging Eye Cream with Tiger Grass & Silk Protein 15ml,https://www.aldi.com.au/fileadmin/_processed_/8/8/csm_ALN1075_SKIN_CARE_UPDATE_1x1_228x128_22_728b0243c5.jpg,,$53.27 per 100ml,7.99
LACURA  Beauty Long Lasting Duo Lipstick,https://www.aldi.com.au/fileadmin/_processed_/d/b/csm_ALN1075_SKIN_CARE_UPDATE_1x1_228x128_18_4e99e30afa.jpg,ea,,6.99
LACURA Beauty Foundation with Sunscreen,https://www.aldi.com.au/fileadmin/_processed_/6/4/csm_ALP0614_WEB_AUDIT_2Q_LACURA_1x1_128x228_7_db9bfbdea3.jpg,,$1.00 per 10ml,4.99
LACURA Beauty Face Primer 3 in 1,https://www.aldi.com.au/fileadmin/_processed_/3/e/csm_ALP0614_WEB_AUDIT_2Q_LACURA_1x1_128x228_6_c0b1a8d162.jpg,,$1.00 per 10ml,4.99
Urban Eats Greek Spanakopita 750g,https://www.aldi.com.au/fileadmin/_processed_/d/e/csm_ALN3662_1x1_SSV-NOV-B1_228x628_46_f5bfad4a07.jpg,750g,80c per 100g,5.99
Urban Eats Greek Tiropita 750g,https://www.aldi.com.au/fileadmin/_processed_/1/2/csm_ALN3662_1x1_SSV-NOV-B1_228x628_47_8df3e615c5.jpg,750g,80c per 100g,5.99
Berg Deli Spicy Sopressa Salami 100g,https://www.aldi.com.au/fileadmin/_processed_/4/5/csm_ALN3662_1x1_SSV-NOV-B1_228x628_48_ec19a159b5.jpg,100g,$19.90 per kg,1.99
Berg Deli Sliced Prosciutto 100g,https://www.aldi.com.au/fileadmin/_processed_/e/2/csm_ALN3662_1x1_SSV-NOV-B1_228x628_49_d6c291b2b4.jpg,100g,$29.90 per kg,2.99
Berg Deli Mild Sopressa Salami 100g,https://www.aldi.com.au/fileadmin/_processed_/a/0/csm_ALN3662_1x1_SSV-NOV-B1_228x628_50_d13b06b108.jpg,100g,$19.90 per kg,1.99
Goldenvale Just Bran 530g,https://www.aldi.com.au/fileadmin/_processed_/d/d/csm_ALN3401-2_REDUCTIONS_FUTURE-PRICE-_RND4__1x1_228x128__5f972760fb.jpg,530g,51c per 100g,2.69
Forresters Mixed Nuts 375g,https://www.aldi.com.au/fileadmin/_processed_/c/1/csm_ALN3401-2_REDUCTIONS_FUTURE-PRICE-_RND4__1x1_228x128_2_10d7388067.jpg,375g,$7.17 per kg,2.69
Berg Short Cut Bacon Rindless 1kg,https://www.aldi.com.au/fileadmin/_processed_/3/0/csm_ALN3401-2_REDUCTIONS_FUTURE-PRICE-_RND4__1x1_228x128_3_4c38ff2a77.jpg,1kg,$8.99 per kg,8.99
Food Envy Chocolate Mousse Plain or with Salted Caramel 2 x 62g,https://www.aldi.com.au/fileadmin/_processed_/e/4/csm_ALN3401-2_REDUCTIONS_FUTURE-PRICE-_RND4__1x1_228x128_7_6340aecc09.jpg,62g,$1.52 per 100g,1.89
Ocean Rise Yellowfin Tuna Chunks 425g,https://www.aldi.com.au/fileadmin/_processed_/e/3/csm_ALN3447-7_REDUCTIONS_JULY_1x1__B2__228x128_4_a40e353de8.jpg,ea,$8.68 per kg,3.69
Oh So Natural Pine Nuts 100g,https://www.aldi.com.au/fileadmin/_processed_/b/5/csm_ALN3401-2_REDUCTIONS_FUTURE-PRICE-_RND4__1x1_228x128_10_1d5b9f732e.jpg,100g,$42.90 per kg,4.29
Forresters Cowboy Mix 500g,https://www.aldi.com.au/fileadmin/_processed_/1/e/csm_ALN3401-2_REDUCTIONS_FUTURE-PRICE-_RND4__1x1_228x128_11_687adb84b3.jpg,$11.98 per kg,500g,5.99
Berg Middle Bacon 1kg,https://www.aldi.com.au/fileadmin/_processed_/5/c/csm_ALN3401-2_REDUCTIONS_FUTURE-PRICE-_RND4__1x1_228x128_12_e6c325bce3.jpg,1kg,$8.99 per kg,8.99
Dairy Dream Yogurt Pouch 110g,https://www.aldi.com.au/fileadmin/_processed_/4/6/csm_ALN3447-7_REDUCTIONS_JULY_1x1__B2__228x128_6_5844fb1a91.jpg,ea,$1.08 per 100g,1.19
Grandessa Signature Jam Blueberry or Mixed Berry 370g,https://www.aldi.com.au/fileadmin/_processed_/7/c/csm_ALN3388_REDUCTIONS_1x1_228x128_B2_4_f4ec2de94a.jpg,370g,62c per 100g,2.29
Grandessa Signature Jam Raspberry 370g,https://www.aldi.com.au/fileadmin/_processed_/9/1/csm_ALN3388_REDUCTIONS_1x1_228x128_B2_5_10d045d603.jpg,370g,62c per 100g,2.29
Westacre Cheese Block Tasty Light 500g,https://www.aldi.com.au/fileadmin/_processed_/1/5/csm_ALN3388_REDUCTIONS_1x1_228x128_B2_6_271c31ef1e.jpg,500g,$9.98 per kg,4.99
Westacre Cheese Block Tasty 500g,https://www.aldi.com.au/fileadmin/_processed_/d/5/csm_ALN3388_REDUCTIONS_1x1_228x128_B2_7_2b21e1fef5.jpg,500g,95c per 100g,4.79
Westacre Cheese Block Extra Tasty 500g,https://www.aldi.com.au/fileadmin/_processed_/f/0/csm_ALN3388_REDUCTIONS_1x1_228x128_B2_8_80750a07a1.jpg,500g,$9.98 per kg,4.99
Sana Incontinence Pads 14pk/12pk/10pk,https://www.aldi.com.au/fileadmin/_processed_/3/3/csm_ALN3388_REDUCTIONS_1x1_228x128_B2_18_7de07f9f49.jpg,14pk/12pk/10pk,21c/25c/30c per pad,2.99
Lodge Farms Free Range Eggs 600g,https://www.aldi.com.au/fileadmin/_processed_/9/8/csm_ALN3388_REDUCTIONS_1x1_228x128_B2_19_R_2984f5f291.jpg,600g,62c per 100g,3.69
Elmsbury Spinach & Ricotta Triangles 12pk/360g,https://www.aldi.com.au/fileadmin/_processed_/e/6/csm_ALN3388_REDUCTIONS_1x1_228x128_B2_20_3a42a2442a.jpg,12pk/360g,55c per 100g,1.99
Natural Elements Pet Nutrition Grain Free Dog Food 100g,https://www.aldi.com.au/fileadmin/_processed_/4/c/csm_ALN3388_REDUCTIONS_1x1_228x128_B2_21_b02f11fbb7.jpg,100g,99c per 100g,0.99
Julius Dog Food 8kg,https://www.aldi.com.au/fileadmin/_processed_/a/8/csm_ALN3388_REDUCTIONS_1x1_228x128_B2_22_9f1f1cc3ba.jpg,8kg,13c per 100g,9.99
Lacura Essentials BB Cream 50ml,https://www.aldi.com.au/fileadmin/_processed_/c/d/csm_ALN3388_REDUCTIONS_1x1_228x128_B4_28_c02370ee73.jpg,50ml,$9.98 per 100ml,4.99
Ocean Royale Basa Fillets (Frozen) 1kg,https://www.aldi.com.au/fileadmin/_processed_/9/e/csm_ALN3425_REDUCTIONS__BASA-FILLETS__1x1_228x128_f4470b9180.jpg,1kg,$6.99 per kg,6.99
The Cake Stall Banana Bread 5pk 500g,https://www.aldi.com.au/fileadmin/_processed_/6/1/csm_ALN3388_REDUCTIONS_1x1_228x128_B2_26_8c37999c36.jpg,500g,86c per 100g,4.29
Ocean Royale Wild Raw Peeled Prawns 500g,https://www.aldi.com.au/fileadmin/_processed_/b/f/csm_ALN3388_REDUCTIONS_1x1_228x128_B4_1_95cc4cd535.jpg,500g,$33.98 per kg,16.99
Oh So Natural LSA or Linseed 250g-500g,https://www.aldi.com.au/fileadmin/_processed_/0/0/csm_ALN3388_REDUCTIONS_1x1_228x128_B4_3_4ce11f74a9.jpg,250g-500g,$1.12-$0.56 per 100g,2.79
Stonemill Black Peppercorn Grinder 50g,https://www.aldi.com.au/fileadmin/_processed_/b/e/csm_ALN3388_REDUCTIONS_1x1_228x128_B4_15_268ad8e459.jpg,50g,54c per 10g,2.69
Stonemill Sea Salt Iodised Grinder 110g,https://www.aldi.com.au/fileadmin/_processed_/b/9/csm_ALN3388_REDUCTIONS_1x1_228x128_B4_16_677161300d.jpg,110g,24c per 10g,2.69
LACURA  Beauty 24hr Mascara – Waterproof 11.6ml or Volume 11.9ml,https://www.aldi.com.au/fileadmin/_processed_/5/1/csm_ALP0614_WEB_AUDIT_2Q_LACURA_1x1_128x228_4_1e124933e1.jpg,ea $,$5.87-$6.03 per 10ml,6.99
LACURA® Retractable Eyeliner or Eyebrow Pencil 0.3g,https://www.aldi.com.au/fileadmin/_processed_/c/3/csm_ALN2362_Retractable_Eyeliner_or_Eyebrow_Pencil_0.3g_1x1_228x128__d6c4e2abe1.jpg,0.3g,$166.33 per 10g,4.99
"Ready, Set…Cook! Pork Loin Greek Style per kg",https://www.aldi.com.au/fileadmin/_processed_/7/e/csm_ALN3388_REDUCTIONS_1x1_228x128_B4_17_9753d902be.jpg,per kg,$15.99 per kg,15.99
Has No GF Pancake Buttermilk/Original 325g,https://www.aldi.com.au/fileadmin/_processed_/e/9/csm_ALN3388_REDUCTIONS_1x1_228x128_B4_21_45673158dd.jpg,325g,71c per 100g,2.29
Frozen Fish Crumbed/Battered 1kg,https://www.aldi.com.au/fileadmin/_processed_/2/5/csm_ALN3388_REDUCTIONS_1x1_228x128_B4_22_627060393c.jpg,1kg,$6.99 per kg,6.99
Casa Barelli Gourmet Pasta 500g,https://www.aldi.com.au/fileadmin/_processed_/b/d/csm_ALN3388_REDUCTIONS_1x1_228x128_B4_23_794a8a61ab.jpg,500g,40c per 100g,1.99
Oh So Natural Superfood Powders,https://www.aldi.com.au/fileadmin/_processed_/a/f/csm_ALN3388_REDUCTIONS_1X1_228x128_B3__5bd05da39d.jpg,100-125g,$4.69-$3.75 per 100g,4.69
Dentitex Interdental Pro Toothbrush,https://www.aldi.com.au/fileadmin/_processed_/a/0/csm_ALN3388_REDUCTIONS_1X1_228x128_B3_2_4e0567b974.jpg,2pk,95c per unit,1.89
Logix Dishwashing Powder,https://www.aldi.com.au/fileadmin/_processed_/c/8/csm_ALN3388_REDUCTIONS_1X1_228x128_B3_3_caae536300.jpg,1kg,37c per 100g,3.69
Asia Specialties Sriracha Sauce,https://www.aldi.com.au/fileadmin/_processed_/c/8/csm_ALN3388_REDUCTIONS_1X1_228x128_B3_4_053cc4af77.jpg,480g/520g,73-67c per 100g,3.49
Goldenvale Oats Sensations 12pk/420g,https://www.aldi.com.au/fileadmin/_processed_/1/4/csm_ALN3375_REDUCTIONS_1x1_228x128_35_07905354fb.jpg,12pk/420g,78c per 100g,3.29
World Kitchen Mini Pizza Bases 12pk/700g,https://www.aldi.com.au/fileadmin/_processed_/b/2/csm_ALN3375_REDUCTIONS_1x1_228x128_36_2b70cc34bd.jpg,12pk/700g,50c per 100g,3.49
Jindurra Station Beef Scotch Fillet Steak per kg,https://www.aldi.com.au/fileadmin/_processed_/3/8/csm_ALN3375_REDUCTIONS_1x1_228x128_33_R_f886a47b59.jpg,per kg,$24.99 per kg,24.99
Jindurra Station Beef Porterhouse per kg,https://www.aldi.com.au/fileadmin/_processed_/2/6/csm_ALN3375_REDUCTIONS_1x1_228x128_34_R_7d404478ea.jpg,per kg,$19.99 per kg,19.99
Lodge Farms Free Range Eggs 700g,https://www.aldi.com.au/fileadmin/_processed_/9/6/csm_ALN3375_REDUCTIONS_1x1_228x128_15_519724d998.jpg,700g,,3.99
Nuttelex Original 375g,https://www.aldi.com.au/fileadmin/_processed_/0/6/csm_ALN3375_REDUCTIONS_1x1_228x128_17_2ef9c47083.jpg,375g,,2.29
Natural Elements Pet Nutrition Dog Grain Free Sticks 5pk,https://www.aldi.com.au/fileadmin/_processed_/b/2/csm_ALN3375_REDUCTIONS_1x1_228x128_18_d0779493cc.jpg,5pk,76c ea,3.79
Grandessa Signature Jam 370g,https://www.aldi.com.au/fileadmin/_processed_/9/d/csm_ALN3375_REDUCTIONS_1x1_228x128_22_357e4cf786.jpg,370g,62c per 100g,2.29
Sweet Valley Australian Apple Slices in Juice 410g,https://www.aldi.com.au/fileadmin/_processed_/8/0/csm_ALN3375_REDUCTIONS_1x1_228x128_23_c53b694745.jpg,410g,$4.76 per kg,1.95
Inner Goodness Unsweetened Coconut Milk 1L,https://www.aldi.com.au/fileadmin/_processed_/d/6/csm_ALN3375_REDUCTIONS_1x1_228x128_24_db3717b3e1.jpg,1L,$1.99 per Litre,1.99
Forresters Baking Nuts Almond 125g,https://www.aldi.com.au/fileadmin/_processed_/b/f/csm_ALN3375_REDUCTIONS_1x1_228x128_32_f3832c364e.jpg,125g,,3.49
Highland Earl Scotch Whisky 700ml,https://www.aldi.com.au/fileadmin/_processed_/7/5/csm_ALN2364_AWARDS_SPIRITS_1x1_228x128_5_a5e27832de.jpg,,,32.99
Tamova Quadruple Distilled Vodka 700ml,https://www.aldi.com.au/fileadmin/_processed_/0/a/csm_ALN2619_Q4_WEB_AUDIT_SPIRITS_1x1_228x128__68dc19da09.jpg,,,29.99
Darley’s London Style Gin 700ml,https://www.aldi.com.au/fileadmin/_processed_/d/5/csm_ALN2364_AWARDS_SPIRITS_1x1_228x128_6_6798243031.jpg,,,29.99
Highland Black 8YO Blended Scotch Whisky 700ml,https://www.aldi.com.au/fileadmin/_processed_/0/5/csm_ALN2364_AWARDS_SPIRITS_1x1_228x128__bf3a04c542.jpg,,,36.99
Bluegrass Kentucky Bourbon 700ml,https://www.aldi.com.au/fileadmin/_processed_/5/1/csm_ALN2364_AWARDS_SPIRITS_1x1_228x128_2_e2db5e0930.jpg,,,31.49
Jim Beam Bourbon 700mL,https://www.aldi.com.au/fileadmin/_processed_/9/a/csm_ALN2218_Jim_Beam_Bourbon_700ml_1x1_228x128_62c16953e5.jpg,,,38.99
Baroque Brandy 700ml,https://www.aldi.com.au/fileadmin/_processed_/f/6/csm_ALN2364_AWARDS_SPIRITS_1x1_228x128_7_fce9b2f811.jpg,,,29.99
O’Donnells Irish Country Cream Liqueur 700ml,https://www.aldi.com.au/fileadmin/_processed_/c/e/csm_ALN3510_Q3_AWARDS_LIQUOR_1x1_228x128__35748a6fa3.jpg,,,13.99
Baileys Irish Cream 700mL,https://www.aldi.com.au/fileadmin/_processed_/8/6/csm_ALN2147_Q4_SPIRITS_1x1_228x128_c9d3ff886a.jpg,,,29.95
Captain Morgan Original Spiced Gold 700ml,https://www.aldi.com.au/fileadmin/_processed_/c/a/csm_ALN3354_Q2-WEB-AUDIT_1x1_228x128_3_b259035b12.jpg,700ml,,37.99
Bluegrass Kentucky Straight Bourbon Whiskey & Cola 6pk,https://www.aldi.com.au/fileadmin/_processed_/4/b/csm_ALN3510_Q3_AWARDS_LIQUOR_1x1_228x128_2_82b62bf14e.jpg,6pk,,17.99
Striganov Vodka Crush Raspberry 4pk,https://www.aldi.com.au/fileadmin/_processed_/5/8/csm_ALN2364_AWARDS_SPIRITS_1x1_228x128_8_29fef96620.jpg,,,9.99
Striganov Vodka Crush Guava 4pk,https://www.aldi.com.au/fileadmin/_processed_/7/c/csm_ALN2364_AWARDS_SPIRITS_1x1_228x128_9_b59721ae75.jpg,,,9.99
Striganov Vodka Crush Lemon Lime 4pk,https://www.aldi.com.au/fileadmin/_processed_/b/1/csm_ALN2364_AWARDS_SPIRITS_1x1_228x128_10_f094509d99.jpg,,,9.99
Striganov Vodka Crush Watermelon 4pk,https://www.aldi.com.au/fileadmin/_processed_/0/8/csm_ALN2364_AWARDS_SPIRITS_1x1_228x128_11_ffeb0e74f6.jpg,,,9.99
Mamia Baby Fruit 4 Months+ 120g,https://www.aldi.com.au/fileadmin/_processed_/8/8/csm_ALN3354_Q2-WEB-AUDIT_1x1_228x128_5_296a0423c4.jpg,120g,74c per 100g,0.89
Mamia Organic Fruit 4 months+ 120g,https://www.aldi.com.au/fileadmin/_processed_/c/5/csm_ALN3354_Q2-WEB-AUDIT_1x1_228x128_11_ec1e49265d.jpg,ea,$1.08 per 100g,1.29
"Mamia Baby’s First Breakfast 4 Months+ 120g - Baby Rice, Pear and Apricot",https://www.aldi.com.au/fileadmin/_processed_/5/a/csm_ALN3354_Q2-WEB-AUDIT_1x1_228x128_6_0c3deaa133.jpg,,74c per 100g,0.89
Mamia Baby's First Breakfast 6m+ Creamy Baby Porridge,https://www.aldi.com.au/fileadmin/_processed_/7/2/csm_ALN3354_Q2-WEB-AUDIT_1x1_228x128_7_91a6e850a7.jpg,,74c per 100g,0.89
Mamia Baby's First Breakfast 6mth+ Apple & Oatmeal,https://www.aldi.com.au/fileadmin/_processed_/a/d/csm_ALN3354_Q2-WEB-AUDIT_1x1_228x128_8_1afa75f8fb.jpg,,74c per 100g,0.89
Mamia Baby Food Desserts 6 Months+ 120g,https://www.aldi.com.au/fileadmin/_processed_/3/c/csm_ALN3354_Q2-WEB-AUDIT_1x1_228x128_9_e4f596c76f.jpg,ea,74c per 100g,0.89
Mamia Premium Baby Food 6+ Months 120g,https://www.aldi.com.au/fileadmin/_processed_/3/1/csm_ALN3354_Q2-WEB-AUDIT_1x1_228x128_10_042c9f53a1.jpg,ea,74c per 100g,0.89
Mamia Baby Food 6 Months+ 120g,https://www.aldi.com.au/fileadmin/_processed_/d/2/csm_ALN3077_BABY-FOOD_1x1_228x128_6_f49ac9d357.jpg,ea,74c per 100g,0.89
Mamia Fruit Snack Cereal Bars Apple 12+ months 8pk 128g,https://www.aldi.com.au/fileadmin/_processed_/3/9/csm_ALN3077_BABY-FOOD_1x1_228x128__22705daf2f.jpg,8pk,$2.34 per 100g,2.99
"Mamia Fruit Snack Cereal Bars Apple, Blueberry & Banana 12+ months 8pk 128g",https://www.aldi.com.au/fileadmin/_processed_/0/f/csm_ALN3077_BABY-FOOD_1x1_228x128_2_e2c70a0032.jpg,8pk,$2.34 per 100g,2.99
Mamia Fruit Snack Cereal Bars Apple & Raspberry 12+ months 8pk 128g,https://www.aldi.com.au/fileadmin/_processed_/b/2/csm_ALN3077_BABY-FOOD_1x1_228x128_3_a2af7a0934.jpg,8pk,$2.34 per 100g,2.99
Mamia Fruit & Oat Bars 90g - Strawberry 12+ Months,https://www.aldi.com.au/fileadmin/_processed_/8/c/csm_ALN3354_Q2-WEB-AUDIT_1x1_228x128_39_bbc43caa6f.jpg,,2.99 per 100g,2.69
Mamia Fruit & Oat Bars 90g - Apple & Raisin with Yogurt 12+ Months,https://www.aldi.com.au/fileadmin/_processed_/d/f/csm_ALN3354_Q2-WEB-AUDIT_1x1_228x128_40_71d3a27ec6.jpg,,$2.99 per 100g,2.69
Mamia Fruit & Oat Bars 90g - Apricot 12+ Months,https://www.aldi.com.au/fileadmin/_processed_/3/6/csm_ALN3354_Q2-WEB-AUDIT_1x1_228x128_41_22afdb3bb6.jpg,,2.99 per 100g,2.69
Mamia Organic Apple Mini Rice Cakes 40g,https://www.aldi.com.au/fileadmin/_processed_/2/5/csm_ALN3077_BABY-FOOD_1x1_228x128_4_e5faa35b4b.jpg,,$6.23 per 100g,2.49
Mamia Organic Raspberry Mini Rice Cakes 40g,https://www.aldi.com.au/fileadmin/_processed_/8/6/csm_ALN3077_BABY-FOOD_1x1_228x128_5_df85b20479.jpg,,$6.23 per 100g,2.49
Monsigny Champagne Brut NV 750ml,https://www.aldi.com.au/fileadmin/_processed_/3/d/csm_ALN2364_AWARDS_CHAMPAGNE_SPARKLING_1x1_228x128__928a42594a.jpg,,,22.99
Veuve Olivier French Sparkling Wine NV 750ml,https://www.aldi.com.au/fileadmin/_processed_/8/8/csm_ALN2670_Q1_WEB_AUDIT__CHAMPAGNE_SPARKLING__1x1_228x128__cc94bfc416.jpg,,,7.49
South Point Estate Sparkling Chardonnay Pinot Noir NV 750ml,https://www.aldi.com.au/fileadmin/_processed_/2/9/csm_ALN3077_AWARD_SPARKLING-CHAMPAGNE_1x1_228x128__6fc1c8e364.jpg,,,4.99
Corte Carista Prosecco DOC NV 750ml,https://www.aldi.com.au/fileadmin/_processed_/a/9/csm_ALN2364_AWARDS_CHAMPAGNE_SPARKLING_1x1_228x128_4_4b683a81a2.jpg,,,9.99
Yellowglen Chardonnay Pinot Noir Prosecco Rosé 750ml,https://www.aldi.com.au/fileadmin/_processed_/6/1/csm_ALN3077_SPARKLING-CHAMPAGNE_1x1_228x128__98a8aa8761.jpg,,,7.99
Yellowglen Chardonnay Pinot Noir & Prosecco 750ml,https://www.aldi.com.au/fileadmin/_processed_/b/e/csm_ALN2230_Q1_CHAMPAGNE-SPARKLING_1x1_228x128__2ec4740364.jpg,,,7.99
Claire Creek Sparkling Moscato NV 750ml,https://www.aldi.com.au/fileadmin/_processed_/8/9/csm_ALN2230_Q1_CHAMPAGNE-SPARKLING_1x1_228x128_3_37d3592e25.jpg,,,3.99
Claire Creek Sparkling Moscato Rosa NV 750ml,https://www.aldi.com.au/fileadmin/_processed_/6/7/csm_ALN2619_Q4_WEB_AUDIT_CHAMPAGNE_SPARKLING_1x1_228x128_2_887704e120.jpg,,,3.99
Vallée Des Secrets Sparkling Cuvée NV 750ml,https://www.aldi.com.au/fileadmin/_processed_/5/a/csm_ALN2364_AWARDS_CHAMPAGNE_SPARKLING_1x1_228x128_8_8231f04af7.jpg,,,12.99
De'Chill Frizzante Bianco NV 750ml,https://www.aldi.com.au/fileadmin/_processed_/2/4/csm_ALN3510_Q3_LIQUOR_1x1_228x128__d06eec3d62.jpg,,,12.99
Corte Carista Prosecco Rose DOC NV 750ml,https://www.aldi.com.au/fileadmin/_processed_/c/8/csm_ALN3510_Q3_LIQUOR_1x1_228x128_2_ef44008fa5.jpg,,,9.99
Storm Brewing Co. Premium Light Lager 6 x 330mL,https://www.aldi.com.au/fileadmin/_processed_/6/9/csm_ALN2364_AWARDS_BEER_1x1_228x128_9_36178c103b.jpg,,,7.99
Storm Brewing Co. Super Dry Beer 6 x 330ml,https://www.aldi.com.au/fileadmin/_processed_/4/0/csm_ALN2364_AWARDS_BEER_1x1_228x128_10_37ada1dcdd.jpg,6pk,,8.99
Fraser Briggs Premium Lager 6 x 330ml,https://www.aldi.com.au/fileadmin/_processed_/2/3/csm_ALN2364_AWARDS_BEER_1x1_228x128_11_6f44120903.jpg,,,8.99
Cape Cyan Natural Blonde Beer 6 x 330ml,https://www.aldi.com.au/fileadmin/_processed_/2/d/csm_ALN2364_AWARDS_BEER_1x1_228x128_12_2403b16355.jpg,,,7.99
Sainte Etienne Premium Lager 6 x 330ml,https://www.aldi.com.au/fileadmin/_processed_/e/7/csm_ALN2364_AWARDS_BEER_1x1_228x128_13_ceafcb40c3.jpg,,,8.99
Rivet Gold 12pk,https://www.aldi.com.au/fileadmin/_processed_/2/0/csm_ALN2364_AWARDS_BEER_1x1_228x128_2_884fd8c00f.jpg,see price in store*,,
North of Nowhere Pale Ale 12 x 330ml,https://www.aldi.com.au/fileadmin/_processed_/a/a/csm_ALN2364_AWARDS_BEER_1x1_228x128_7_fabc1c9f7f.jpg,see price in store*,,
Storm Brewing Co. Premium Light Lager 24 x 330ml,https://www.aldi.com.au/fileadmin/_processed_/d/d/csm_ALN2364_AWARDS_BEER_1x1_228x128_6_cedc9c5ea8.jpg,see price in store*,,
Carlton Dry 12 x 330ml,https://www.aldi.com.au/fileadmin/_processed_/1/c/csm_ALN2362_Calton_Dry_12x330mL_1x1_228x128_a41aa34356.jpg,,,24.99
Coopers Original Pale Ale 12 x 375ml,https://www.aldi.com.au/fileadmin/_processed_/c/c/csm_ALN1075_BEER_CIDER_UPDATES_1x1_228x128__416147f988.jpg,see price in store*,,
Corona Lager 12 x 355mL,https://www.aldi.com.au/fileadmin/_processed_/d/8/csm_ALN1075_BEER_CIDER_UPDATES_1x1_228x128_3_f040630b0f.jpg,see price in store*,,
Rivet Lager 24 x 330ml,https://www.aldi.com.au/fileadmin/_processed_/0/c/csm_ALN2364_AWARDS_BEER_1x1_228x128_14_129e6e3840.jpg,see price in store*,,
Humo Blanco Chilean Organic Cabernet Sauvignon 750ml,https://www.aldi.com.au/fileadmin/_processed_/4/c/csm_ALN3510_Q3_LIQUOR_1x1_228x128_5_94c306f7f2.jpg,,,11.99
The Pond Merlot 750ml,https://www.aldi.com.au/fileadmin/_processed_/5/8/csm_ALN3510_Q3_LIQUOR_1x1_228x128_6_31830160ed.jpg,,,6.99
Blackstone Paddock Barossa Valley Shiraz 750ml,https://www.aldi.com.au/fileadmin/_processed_/7/6/csm_ALN3248_Q1_WEB-AUDIT__WINE__1x1_228x128_8_ec0766fbbb.jpg,,,17.99
Blackstone Paddock “The Player” Barossa Valley Shiraz 750ml,https://www.aldi.com.au/fileadmin/_processed_/8/0/csm_ALN3510_Q3_LIQUOR_1x1_228x128_3_234a82c8ee.jpg,,,12.99
The Tudor Central Victorian Shiraz 750ml,https://www.aldi.com.au/fileadmin/_processed_/5/9/csm_ALN2670_Q1_WEB_AUDIT__WINE__1x1_228x128_4_5832f4406b.jpg,,,12.99
A.C. Byrne & Co McLaren Vale Shiraz 750ml,https://www.aldi.com.au/fileadmin/_processed_/7/f/csm_ALN2670_Q1_WEB_AUDIT__WINE__1x1_228x128__9b22f47723.jpg,,,9.99
One Road South Australia & Heathcote Shiraz 750ml,https://www.aldi.com.au/fileadmin/_processed_/b/e/csm_ALN2364_AWARDS_WINE_1x1_228x128__9594f24e9c.jpg,,,7.49
Taylors Special Release Clare Valley Shiraz 750ml,https://www.aldi.com.au/fileadmin/_processed_/c/a/csm_ALN2619_Q4_WEB_AUDIT_WINE_1x1_228x128_4_b29f70e18b.jpg,,,14.99
Small Talk Shiraz 1L,https://www.aldi.com.au/fileadmin/_processed_/4/8/csm_ALN2230_Q1_WINE_1x1_228x128_23_8e2533e7ac.jpg,,,5.99
Precious Earth Shiraz  750ml,https://www.aldi.com.au/fileadmin/_processed_/8/8/csm_ALN2230_Q1_WINE_1x1_228x128_4_9e01fa9953.jpg,,,2.99
Power Force Gel Toilet Discs 75ml,https://www.aldi.com.au/fileadmin/_processed_/0/4/csm_ALN2364_AWARDS_HOME_CLEANING_1x1_228x128__df81e22722.jpg,,$6.39 per 100ml,4.79
Power Force Anti Bac Plus Surface Spray Disinfectant 300g,https://www.aldi.com.au/fileadmin/_processed_/3/4/csm_ALN2619_Q4_WEB_AUDIT_HOUSEHOLD_1x1_228x128_7_R_79e17b707d.jpg,,$1.23 per 100g,3.69
Logix Complete Dishwashing Tablets 30pk,https://www.aldi.com.au/fileadmin/_processed_/4/9/csm_ALN3248_Q1_WEB-AUDIT__HOUSEHOLD__1x1_228x128_1_aad92f09bd.jpg,,14c per tablet,4.29
Logix Platinum Dishwashing Tablets 40pk,https://www.aldi.com.au/fileadmin/_processed_/5/1/csm_ALN3248_Q1_WEB-AUDIT__HOUSEHOLD__1x1_228x128_2_4005e23ecc.jpg,,19c per tablet,7.69
Atlas Kill & Protect High Performance Surface & Cockroach Spray 350g,https://www.aldi.com.au/fileadmin/_processed_/a/d/csm_ALN2364_AWARDS_HOUSEHOLD_1x1_228x128__c17879937f.jpg,,77c per 100g,2.69
Atlas Kill & Protect Fast Knockdown Flying Insect Spray 300g,https://www.aldi.com.au/fileadmin/_processed_/c/a/csm_ALN2364_AWARDS_HOUSEHOLD_1x1_228x128_2_5f362f794e.jpg,,80c per 100g,2.39
Power Force Pro Multi Purpose Cleaner 750ml,https://www.aldi.com.au/fileadmin/_processed_/8/f/csm_ALN2991_AWARDS_HOUSEHOLD_1x1_228x128_4_abbabb6b20.jpg,,24c per 100ml,1.79
Power Force Pro Bath & Shower Cleaner 750ml,https://www.aldi.com.au/fileadmin/_processed_/c/4/csm_ALN3510_Q3_HOUSEHOLD_1x1_228x128_2_9896e7ba20.jpg,,32c per 100ml,2.39
Power Force Pro Heavy Duty Cleaner 1.25L,https://www.aldi.com.au/fileadmin/_processed_/4/8/csm_ALN3510_Q3_HOUSEHOLD_1x1_228x128_3_3378236b99.jpg,,18c per 100ml,2.19
Tandil Ultra Dishwashing Liquid 450ml,https://www.aldi.com.au/fileadmin/_processed_/6/f/csm_ALN3077_AWARDS-LAUNDRY-HOUSEHOLD_1x1_228x128__15b73ca48b.jpg,,35c per 100ml,1.59
Power Force Pro Disinfectant Wipes 120pk,https://www.aldi.com.au/fileadmin/_processed_/a/3/csm_ALN3510_Q3_HOUSEHOLD_1x1_228x128__4f2e428222.jpg,,$2.50 per 100 wipes,2.99
Confidence Samson Paper Towel 3ply 3pk,https://www.aldi.com.au/fileadmin/_processed_/9/5/csm_ALN2364_HOUSEHOLD_1x1_228x128_7_3124977ae3.jpg,,$1.66 per 100 sheets ($1.00 per roll),2.99
Confidence Toilet Tissue Hypoallgerenic 4ply 8pk,https://www.aldi.com.au/fileadmin/_processed_/f/5/csm_ALN2364_HOUSEHOLD_1x1_228x128_8_5bc08f7f42.jpg,,36c per 100 sheets (50c per roll),3.99
Sainte Etienne Premium Lager 24 x 330ml,https://www.aldi.com.au/fileadmin/_processed_/a/f/csm_ALN2364_AWARDS_BEER_1x1_228x128_8_adf8052fae.jpg,see price in store*,,
Fraser Briggs Premium Lager 24 x 330ml,https://www.aldi.com.au/fileadmin/_processed_/8/0/csm_ALN2364_AWARDS_BEER_1x1_228x128_4_17f3ceac09.jpg,see price in store*,,
Cape Cyan Natural Blonde Beer 24 x 330ml,https://www.aldi.com.au/fileadmin/_processed_/3/d/csm_ALN2364_AWARDS_BEER_1x1_228x128_5_01f44534ae.jpg,see price in store*,,
Storm Brewing Co. Premium Super Dry Beer 24 x 330ml,https://www.aldi.com.au/fileadmin/_processed_/8/4/csm_ALN2364_AWARDS_BEER_1x1_228x128_3_9db37b2406.jpg,,,34.99
Renberg Apple Cider 500ml,https://www.aldi.com.au/fileadmin/_processed_/a/f/csm_ALC7718_LIQUOR_1x1_228x128_8_01_de40797e89.jpg,,,2.99
Storm Cider Co. Apple Cider 10 x 375ml,https://www.aldi.com.au/fileadmin/_processed_/c/d/csm_ALN2957_CIDER_UPDATE_1x1_228x128_c3563e55c1.jpg,,,16.99
Devil’s Orchard Apple Cider 6 x 330ml,https://www.aldi.com.au/fileadmin/_processed_/f/b/csm_ALN2230_Q1_BEER-CIDER_1x1_228x128_3_723fb2b531.jpg,,,9.99
Devil's Orchard Pear Cider 6 x 330ml,https://www.aldi.com.au/fileadmin/_processed_/3/8/csm_ALN2230_Q1_BEER-CIDER_1x1_228x128_4_0beae926c1.jpg,,,9.99
Somersby Apple Cider 10 x 330ml,https://www.aldi.com.au/fileadmin/_processed_/0/3/csm_ALN2230_Q1_BEER-CIDER_1x1_228x128_2_031423051d.jpg,see price in store*,,
Renberg Swedish Pear Cider 500mL,https://www.aldi.com.au/fileadmin/_processed_/2/f/csm_ALN2230_Q1_BEER-CIDER_1x1_228x128__47599e02cb.jpg,,,2.99
Leo Imported Lager 12 x 330ml,https://www.aldi.com.au/fileadmin/_processed_/d/7/csm_ALN2364_AWARDS_BEER_1x1_228x128__b4e89e74c3.jpg,,,18.99
James Squire 150 Lashes Pale Ale 12 x 345ml,https://www.aldi.com.au/fileadmin/_processed_/1/7/csm_ALN3510_Q3_LIQUOR_1x1_228x128_7_ef37ac50de.jpg,,see price in store*,
Blackstone Paddock Margaret River Cabernet Sauvignon 750ml,https://www.aldi.com.au/fileadmin/_processed_/5/c/csm_ALN3248_Q1_WEB-AUDIT__WINE__1x1_228x128_7_2abd1358ac.jpg,,,17.99
Vinology McLaren Vale Organic Cabernet Sauvignon 750ml,https://www.aldi.com.au/fileadmin/_processed_/2/4/csm_ALN3077_AWARD_WINE_1x1_228x128_3_3be3a71768.jpg,,,11.99
The Pond Cabernet Sauvignon 750ml,https://www.aldi.com.au/fileadmin/_processed_/f/b/csm_ALN2619_Q4_WEB_AUDIT_WINE_1x1_228x128__e0dc68a7e7.jpg,,,6.99
The Venturer Series Durif 750ml,https://www.aldi.com.au/fileadmin/_processed_/5/4/csm_ALN3077_AWARD_WINE_1x1_228x128_2_54d069ebcc.jpg,,,8.99
"Coraggioso Nero D’Avola Sicily, Italy 750ml",https://www.aldi.com.au/fileadmin/_processed_/9/7/csm_ALN3299_APRIL_SSV_1x1_228x128_15_4d777c27de.jpg,,,4.99
Luis Felipe Edwards Classic Carménère 750ml,https://www.aldi.com.au/fileadmin/_processed_/2/0/csm_ALN2230_Q1_WINE_1x1_228x128_19_48d9129b27.jpg,,see price in store*,
Piedra Negra Argentinian Malbec 750ml,https://www.aldi.com.au/fileadmin/_processed_/1/a/csm_ALN2230_Q1_WINE_1x1_228x128_20_2fd1363801.jpg,,,10.99
El Toro Macho Reserva 750ml,https://www.aldi.com.au/fileadmin/_processed_/f/7/csm_ALN2670_Q1_WEB_AUDIT__WINE__1x1_228x128_11_962ab84241.jpg,,,8.99
Château Les Maurins Bordeaux Merlot & Cabernet Sauvignon 750ml,https://www.aldi.com.au/fileadmin/_processed_/a/2/csm_ALN2230_Q1_WINE_1x1_228x128_6_9612441fa5.jpg,,,9.99
The Tudor Yarra Valley Pinot Noir 750ml,https://www.aldi.com.au/fileadmin/_processed_/9/2/csm_ALN3248_Q1_WEB-AUDIT__WINE__1x1_228x128_6_d5114a5661.jpg,,,12.99
Kaiora Bay Reserve Central Otago Pinot Noir 750ml,https://www.aldi.com.au/fileadmin/_processed_/4/3/csm_ALN2364_AWARDS_WINE_1x1_228x128_24_4267b5f4f7.jpg,,,14.99
One Road Goulburn Valley & King Valley Cabernet Merlot 750ml,https://www.aldi.com.au/fileadmin/_processed_/b/0/csm_ALN2364_AWARDS_WINE_1x1_228x128_2_ecf87a2660.jpg,,,7.49
Corte Carista Chianti Superiore DOC 750ml,https://www.aldi.com.au/fileadmin/_processed_/7/b/csm_ALN2670_Q1_WEB_AUDIT__WINE__1x1_228x128_10_f2556de9a7.jpg,,,10.99
Little Birdwood Cabernet Shiraz Merlot 750ml,https://www.aldi.com.au/fileadmin/_processed_/3/c/csm_ALN2230_Q1_WINE_1x1_228x128_5_a32a20f19e.jpg,,,4.99
A.C. Byrne & Co Margaret River Cabernet Merlot 750ml,https://www.aldi.com.au/fileadmin/_processed_/4/f/csm_ALN2670_Q1_WEB_AUDIT__WINE__1x1_228x128_3_ad21456ccb.jpg,,,9.99
El Toro Macho Tempranillo Bobal 750ml,https://www.aldi.com.au/fileadmin/_processed_/e/e/csm_ALN2364_AWARDS_WINE_1x1_228x128_20_6d38c1a89c.jpg,,,4.99
Pájaro de Buen Agüero Old Vines Garnacha 750ml,https://www.aldi.com.au/fileadmin/_processed_/b/5/csm_ALN2853_WINE_1x1_228x128_2_3b8e86343f.jpg,750ml,,9.99
Little Birdwood Sweet Red 750ml,https://www.aldi.com.au/fileadmin/_processed_/e/2/csm_ALN2230_Q1_WINE_1x1_228x128_18_32872f20da.jpg,,,4.99
François Lurton La Mule Provence Rosé 750ml,https://www.aldi.com.au/fileadmin/_processed_/f/3/csm_ALN2619_Q4_WEB_AUDIT_WINE_1x1_228x128_7_313f3182cf.jpg,,,10.99
South Point Estate Rosé 750ml,https://www.aldi.com.au/fileadmin/_processed_/4/5/csm_ALN2364_AWARDS_WINE_1x1_228x128_17_5267f5758e.jpg,,,4.99
Loire Valley Cabernet Franc Rosé 2018 750ml,https://www.aldi.com.au/fileadmin/_processed_/3/b/csm_ALN3077_WINE_1x1_228x128_2_0a678b7cc6.jpg,,,7.49
South Point Estate Pink Moscato 750ml,https://www.aldi.com.au/fileadmin/_processed_/8/e/csm_ALN3077_AWARD_WINE_1x1_228x128__de0d89282e.jpg,,,4.99
Sandara Sparkling Sangria 750ml,https://www.aldi.com.au/fileadmin/_processed_/f/5/csm_ALN2230_Q1_WINE_1x1_228x128_21_a10a6f0fd8.jpg,,,7.49
Keeper’s Glove Tawny NV 750ml,https://www.aldi.com.au/fileadmin/_processed_/4/d/csm_ALN3510_Q3_LIQUOR_1x1_228x128_4_b71310f765.jpg,,,4.99
Albertson's Reserve Soft Dry Red Cask 4L,https://www.aldi.com.au/fileadmin/_processed_/2/f/csm_ALN2670_Q1_WEB_AUDIT__WINE__1x1_228x128_12_2534d8a6ca.jpg,,,9.99
Brooke James Vintners Shiraz Cask 2L,https://www.aldi.com.au/fileadmin/_processed_/b/7/csm_ALC7440_1x1_228x128_3_9346512dbd.jpg,,,8.69
Brooke James Vitners Premium Cabernet Merlot Cask 2L,https://www.aldi.com.au/fileadmin/_processed_/1/0/csm_ALN2230_Q1_WINE_1x1_228x128_13_c6ecacf9ed.jpg,,,8.69
A.C. Byrne & Co Margaret River Chardonnay 750ml,https://www.aldi.com.au/fileadmin/_processed_/b/f/csm_ALN2670_Q1_WEB_AUDIT__WINE__1x1_228x128_5_48e5246a77.jpg,,,9.99
Precious Earth Chardonnay 750ml,https://www.aldi.com.au/fileadmin/_processed_/6/8/csm_ALN2364_AWARDS_WINE_1x1_228x128_32_86d2b3f3ed.jpg,,,2.99
Trimat Advanced Laundry Liquid 2L – Regular,https://www.aldi.com.au/fileadmin/_processed_/2/3/csm_ALN3248_Q1_WEB-AUDIT__LAUNDRY__1x1_228x128_2_9f0c8f4f4d.jpg,2L,$4 per litre,7.99
Trimat Advanced Laundry Liquid 2L – Sensitive,https://www.aldi.com.au/fileadmin/_processed_/5/8/csm_ALN3248_Q1_WEB-AUDIT__LAUNDRY__1x1_228x128_3_4095ed6e26.jpg,2L,$4 per litre,7.99
Almat Laundry Powder Concentrate 2kg,https://www.aldi.com.au/fileadmin/_processed_/8/6/csm_ALN2364_AWARDS_HOME_CLEANING_1x1_228x128_9_e4de55715b.jpg,ea,$2.50 per kg,4.99
Almat Laundry Liquid Concentrate 2L,https://www.aldi.com.au/fileadmin/_processed_/a/8/csm_ALN3077_LAUNDRY_1x1_228x128_3_b60ed568a8.jpg,ea,$2.50 per litre,4.99
Di San Pre Wash Stain Remover 500ml – Degreaser,https://www.aldi.com.au/fileadmin/_processed_/e/f/csm_ALN2364_AWARDS_HOME_CLEANING_1x1_228x128_3_ff4a4ad151.jpg,,,
Di-San Pre Wash Stain Remover 500ml,https://www.aldi.com.au/fileadmin/_processed_/c/9/csm_ALN3248_Q1_WEB-AUDIT__LAUNDRY__1x1_228x128_1_84870866e9.jpg,500ml,$2.58 per litre,1.29
Di San Laundry Sanitiser 1L,https://www.aldi.com.au/fileadmin/_processed_/2/f/csm_ALN2362_Di_San_Laundry_Sanitiser_1L_1x1_228x128_0f2461ae49.jpg,,$3.69 per Litre,3.69
Anco Soft Fabric Softener 4x Concentrate 1L,https://www.aldi.com.au/fileadmin/_processed_/9/5/csm_ALN3077_LAUNDRY_1x1_228x128_2_fb4e788e95.jpg,,$3.49 per litre,3.49
Anco Soft Fabric Softener Concentrate 250ml,https://www.aldi.com.au/fileadmin/_processed_/d/4/csm_ALN3248_Q1_WEB-AUDIT__LAUNDRY__1x1_228x128_5_69fbf659d8.jpg,ea,$3.96 per Litre,0.99
Anco Soft Fabric Softener 2L,https://www.aldi.com.au/fileadmin/_processed_/a/4/csm_ALN3248_Q1_WEB-AUDIT__LAUNDRY__1x1_228x128_4_90eba228a7.jpg,ea,$1.40 per Litre,2.79
Green Action Laundry Liquid 1L,https://www.aldi.com.au/fileadmin/_processed_/f/8/csm_ALN2230_Q1_LAUNDRY_1x1_228x128_7_2a94549594.jpg,,$1.99 per litre,1.99
Green Action Wool Wash 1L,https://www.aldi.com.au/fileadmin/_processed_/1/9/csm_ALN2230_Q1_LAUNDRY_1x1_228x128_6_c3c49badde.jpg,,$1.99 per litre,1.99
Laundrite Laundry Liquid 2L,https://www.aldi.com.au/fileadmin/_processed_/9/a/csm_ALN2619_Q4_WEB_AUDIT_LAUNDRY_1x1_228x128__650d15b9ec.jpg,,0.75c per Litre,1.49
Laundrite Laundry Powder 4kg,https://www.aldi.com.au/fileadmin/_processed_/a/6/csm_ALN2619_Q4_WEB_AUDIT_LAUNDRY_1x1_228x128_2_b0a7d7c968.jpg,,0.92c per kg,3.69
Expressi Organic,https://www.aldi.com.au/fileadmin/_processed_/9/9/csm_ALN2853_EXPRESSI_COFFEE_1x1_228x128_2_5c3430b56b.jpg,16pk,37c per capsule,5.99
Expressi Calabrese,https://www.aldi.com.au/fileadmin/_processed_/3/2/csm_ALN2853_EXPRESSI_COFFEE_1x1_228x128_3_c2752b84ae.jpg,16pk,37c per capsule,5.99
Expressi Abruzzo,https://www.aldi.com.au/fileadmin/_processed_/9/b/csm_ALN2853_EXPRESSI_COFFEE_1x1_228x128_4_d0ff45e335.jpg,16pk,37c per capsule,5.99
Expressi Torino,https://www.aldi.com.au/fileadmin/_processed_/b/9/csm_ALN2853_EXPRESSI_COFFEE_1x1_228x128_6_b69b12b766.jpg,16pk,37c per capsule,5.99
Expressi Milano,https://www.aldi.com.au/fileadmin/_processed_/b/b/csm_ALN2853_EXPRESSI_COFFEE_1x1_228x128_7_75f08ce36c.jpg,16pk,37c per capsule,5.99
Expressi Reggio,https://www.aldi.com.au/fileadmin/_processed_/0/5/csm_ALN2853_EXPRESSI_COFFEE_1x1_228x128_8_18bb2d058a.jpg,16pk,37c per capsule,5.99
Expressi Renzo,https://www.aldi.com.au/fileadmin/_processed_/5/9/csm_ALN2853_EXPRESSI_COFFEE_1x1_228x128_9_f507d53211.jpg,16pk,37c per capsule,5.99
Expressi Decaffi,https://www.aldi.com.au/fileadmin/_processed_/a/b/csm_ALN2853_EXPRESSI_COFFEE_1x1_228x128_10_7b082d8bdd.jpg,16pk,37c per capsule,5.99
Expressi Valletta,https://www.aldi.com.au/fileadmin/_processed_/8/a/csm_ALN2853_EXPRESSI_COFFEE_1x1_228x128_11_38cdb4d692.jpg,16pk,37c per capsule,5.99
Expressi Tauro,https://www.aldi.com.au/fileadmin/_processed_/8/9/csm_ALN2853_EXPRESSI_COFFEE_1x1_228x128_12_cac6acf61a.jpg,16pk,37c per capsule,5.99
Expressi Intenzo,https://www.aldi.com.au/fileadmin/_processed_/4/f/csm_ALN2853_EXPRESSI_COFFEE_1x1_228x128_15_fa0e3d4bd8.jpg,120g,37c per capsule,5.99
Expressi Rich Hot Chocolate,https://www.aldi.com.au/fileadmin/_processed_/2/e/csm_ALN2364_EXPRESSI_COFFEE_1x1_228x128_13_4956abdbab.jpg,16pk,37c per capsule,5.99
EXPRESSI Coffee Capsule Machine – Steel Grey,https://www.aldi.com.au/fileadmin/_processed_/c/d/csm_ALN2853_EXPRESSI_COFFEE_1x1_228x128_14_2e4887a4fc.jpg,,,79.99
EXPRESSI Coffee Capsule Machine – One,https://www.aldi.com.au/fileadmin/_processed_/a/7/csm_ALN3248_Q1_WEB-AUDIT__COFFEE__1x1_228x128_595d03ae5b.jpg,,,69.99
EXPRESSI Milk Frother,https://www.aldi.com.au/fileadmin/_processed_/2/d/csm_ALC7235_1x1_228x128_9_cb3d33ef72.jpg,,,29.99
Choceur Crunchy Salted Caramel 200g,https://www.aldi.com.au/fileadmin/_processed_/a/c/csm_ALN3510_Q3_CHOCOLATE_1x1_228x128_19_a269b3a758.jpg,,$1.50 per 100g,2.99
Choceur Dark Caramel Sea Salt 200g,https://www.aldi.com.au/fileadmin/_processed_/6/7/csm_ALN3510_Q3_CHOCOLATE_1x1_228x128_20_9025a7f5c0.jpg,,$1.50 per 100g,2.99
Choceur Milk Coconut 200g,https://www.aldi.com.au/fileadmin/_processed_/5/d/csm_ALN3510_Q3_CHOCOLATE_1x1_228x128_22_f5231bbc23.jpg,,$1.50 per 100g,2.99
Choceur Peanut & Crunchy Flakes Chocolate Block 200g,https://www.aldi.com.au/fileadmin/_processed_/b/e/csm_ALN3510_Q3_CHOCOLATE_1x1_228x128_23_27a25f29f4.jpg,,$1.50 per 100g,2.99
Choceur White Coconut 200g,https://www.aldi.com.au/fileadmin/_processed_/d/0/csm_ALN3510_Q3_CHOCOLATE_1x1_228x128_24_d74824b399.jpg,,$1.50 per 100g,2.99
Choceur Caramel Filled Milk Chocolate Block 200g,https://www.aldi.com.au/fileadmin/_processed_/a/3/csm_ALN3510_Q3_CHOCOLATE_1x1_228x128_25_6d51d73177.jpg,,$1.50 per 100g,2.99
Choceur Milk & White Chocolate Block 200g,https://www.aldi.com.au/fileadmin/_processed_/2/1/csm_ALN3510_Q3_CHOCOLATE_1x1_228x128_26_0c7edbd339.jpg,,$1.50 per 100g,2.99
Choceur Salted Pretzel Chocolate Block 200g,https://www.aldi.com.au/fileadmin/_processed_/7/2/csm_ALN3510_Q3_CHOCOLATE_1x1_228x128_27_818d7c6aee.jpg,,$1.50 per 100g,2.99
One Road Chardonnay 750ml,https://www.aldi.com.au/fileadmin/_processed_/8/8/csm_ALN0550_1x1_Q1-UPDATE_228x128_37282565f9.jpg,,,7.49
Grands Les Maurins Bordeaux Sauvignon Blanc 750ml,https://www.aldi.com.au/fileadmin/_processed_/5/9/csm_ALN3511_WINE_AWARDS_1x1_228x128_d555d4044d.jpg,,,6.99
South Point Estate Sauvignon Blanc 750ml,https://www.aldi.com.au/fileadmin/_processed_/2/7/csm_ALN2619_Q4_WEB_AUDIT_WINE_1x1_228x128_8_4cb3e97615.jpg,,,4.99
Kaiora Bay Marlborough Sauvignon Blanc 750ml,https://www.aldi.com.au/fileadmin/_processed_/e/2/csm_ALN3248_Q1_WEB-AUDIT__WINE__1x1_228x128_1_8d18df4d92.jpg,,,8.69
Loire Valley Sauvignon Blanc 2018 750ml,https://www.aldi.com.au/fileadmin/_processed_/9/e/csm_ALN2364_AWARDS_WINE_1x1_228x128_34_R_389343e025.jpg,,,7.49
Neve Hawkes Bay/Marlborough Sauvignon Blanc 750ml,https://www.aldi.com.au/fileadmin/_processed_/d/4/csm_ALN2670_Q1_WEB_AUDIT__WINE__1x1_228x128_6_4b552e9f95.jpg,,,6.49
Kaiora Bay Reserve Marlborough Sauvignon Blanc 750ml,https://www.aldi.com.au/fileadmin/_processed_/6/b/csm_ALN3248_Q1_WEB-AUDIT__WINE__1x1_228x128_2_dc47076e8e.jpg,,,12.99
A.C. Byrne & Co Margaret River Sauvignon Blanc Semillon 750ml,https://www.aldi.com.au/fileadmin/_processed_/b/0/csm_ALN2670_Q1_WEB_AUDIT__WINE__1x1_228x128_8_10149e5fcc.jpg,,,7.99
Little Birdwood Semillon Sauvignon Blanc 750ml,https://www.aldi.com.au/fileadmin/_processed_/0/8/csm_ALN3077_NON-AWARD_WINE_1x1_228x128_3_dfd0e8482e.jpg,,,4.99
Precious Earth Semillon Sauvignon Blanc 750ml,https://www.aldi.com.au/fileadmin/_processed_/5/7/csm_ALN2230_Q1_WINE_1x1_228x128_8_e4225409dc.jpg,,,2.99
"Freya & Jules Watervale, Clare Valley Riesling 750ml",https://www.aldi.com.au/fileadmin/_processed_/9/7/csm_ALN2364_AWARDS_WINE_1x1_228x128_37_fec9d86a8c.jpg,,,8.99
Villa Elsa Pinot Grigio DOC Delle Venezie 750ml,https://www.aldi.com.au/fileadmin/_processed_/a/b/csm_ALN3248_Q1_WEB-AUDIT__WINE__1x1_228x128_5_e0be4c4f54.jpg,750ml,,6.99
The Pond Pinot Grigio 750ml,https://www.aldi.com.au/fileadmin/_processed_/0/f/csm_ALN2670_Q1_WEB_AUDIT__WINE__1x1_228x128_9_cf810d5ca5.jpg,,,6.99
South Point Estate Pinot Grigio 750ml,https://www.aldi.com.au/fileadmin/_processed_/3/5/csm_ALN3248_Q1_WEB-AUDIT__WINE__1x1_228x128_4_a0fe8c1bb7.jpg,,,4.99
South Point Estate Moscato 750ml,https://www.aldi.com.au/fileadmin/_processed_/6/c/csm_ALN3248_Q1_WEB-AUDIT__WINE__1x1_228x128_3_a5452bccd0.jpg,,,4.99
Brooke James Vintners Semillon Sauvignon Blanc Cask 2L,https://www.aldi.com.au/fileadmin/_processed_/e/1/csm_ALC7440_1x1_228x128_2_85bc331aa6.jpg,,,8.69
Albertson's Reserve Soft Fruity White Cask 4L,https://www.aldi.com.au/fileadmin/_processed_/a/e/csm_ALN2670_Q1_WEB_AUDIT__WINE__1x1_228x128_13_332929e944.jpg,,,9.99
Albertson's Reserve Crisp Dry White Cask 4L,https://www.aldi.com.au/fileadmin/_processed_/6/e/csm_ALN2670_Q1_WEB_AUDIT__WINE__1x1_228x128_14_79f295cfa4.jpg,,,9.99
Just Organic Extra Virgin Olive Oil 500ml,https://www.aldi.com.au/fileadmin/_processed_/2/5/csm_ALN2218_Q2_Just_Organic_Extra_Virgin_Olive_Oil_500ml_1x1_228x128_485ea2e082.jpg,500ml,94c per 100ml,4.69
Remano Olive Oil / Mild Olive Oil 1L,https://www.aldi.com.au/fileadmin/_processed_/b/a/csm_ALN1075_OLIVE-OIL_1x1_228x128_3_01_903bd437f6.jpg,ea,55c per 100ml,5.49
The Olive Tree Australian Extra Virgin Olive Oil Spray 225g,https://www.aldi.com.au/fileadmin/_processed_/f/b/csm_ALN1726-3_1x1_OLIVE-OIL_228x128__1ed3ae0fb0.jpg,,$1.33 per 100g,2.99
The Olive Tree Australian Extra Virgin Olive Oil 1L – Classic,https://www.aldi.com.au/fileadmin/_processed_/8/0/csm_ALN3510_Q3_OLIVE-OIL_1x1_228x128__eeaabba23b.jpg,1L,90c per 100ml,8.99
The Olive Tree Australian Extra Virgin Olive Oil 3L,https://www.aldi.com.au/fileadmin/_processed_/4/1/csm_ALN3510_Q3_OLIVE-OIL_1x1_228x128_2_959e1ebc59.jpg,3L,80c per 100ml,23.99
Remano Extra Virgin Olive Oil 3.78L,https://www.aldi.com.au/fileadmin/_processed_/5/4/csm_ALN1136_1x1_OIL_228x128_3_ad13e61490.jpg,,53c per 100ml,19.99
Cobram Estate  Australia Extra Virgin Olive Oil 500ml,https://www.aldi.com.au/fileadmin/_processed_/f/c/csm_ALN1075_OLIVE-OIL_1x1_228x128_3_2e4e733cf5.jpg,ea,$1.90 per 100ml,9.49
MAMIA® Unisex Newborn Nappies,https://www.aldi.com.au/fileadmin/_processed_/6/0/csm_ALN3510_Q3_BABY_1x1_228x128__6b1b1db745.jpg,,14c per nappy,3.99
MAMIA® Unisex Infant Nappies 4kg-8kg 56pk,https://www.aldi.com.au/fileadmin/_processed_/4/a/csm_ALN3510_Q3_BABY_1x1_228x128_2_923f76a0f3.jpg,56pk,18c per nappy,9.99
MAMIA® Unisex Crawler Nappies 6kg-11kg 56pk,https://www.aldi.com.au/fileadmin/_processed_/9/4/csm_ALN3510_Q3_BABY_1x1_228x128_3_8da34f35e7.jpg,56pk,18c per nappy,9.99
MAMIA® Unisex Toddler Nappies 10kg-15kg 50pk,https://www.aldi.com.au/fileadmin/_processed_/d/5/csm_ALN3510_Q3_BABY_1x1_228x128_4_428052bb2a.jpg,50pk,20c per nappy,9.99
MAMIA® Unisex Walker Nappies 13kg-18kg 44pk,https://www.aldi.com.au/fileadmin/_processed_/6/1/csm_ALN3510_Q3_BABY_1x1_228x128_5_0f40b33a05.jpg,44pk,23c per nappy,9.99
MAMIA® Unisex Junior Nappies 16kg-25kg 40pk,https://www.aldi.com.au/fileadmin/_processed_/5/c/csm_ALN3077_AWARD_NAPPIES_1x1_228x128_6_26cfa6aa0e.jpg,40pk,25c per nappy,9.99
Mamia Baby Wipes 80pk Scented,https://www.aldi.com.au/fileadmin/_processed_/6/4/csm_ALN3248_Q1_WEB-AUDIT__BABY__1x1_228x128_1_d23450f8af.jpg,,$2.36 per 100 wipes,1.89
Mamia Baby Wipes 80pk Fragrance Free,https://www.aldi.com.au/fileadmin/_processed_/b/3/csm_ALN3248_Q1_WEB-AUDIT__BABY__1x1_228x128_2_c0056a4c8c.jpg,,$2.36 per 100 wipes,1.89
Mamia Baby Wipes 480pk Fragance free,https://www.aldi.com.au/fileadmin/_processed_/0/b/csm_ALN3248_Q1_WEB-AUDIT__BABY__1x1_228x128_5_485caf9727.jpg,,$1.98 per 100 wipes,9.49
Mamia Baby Wipes Embossed Fragrance Free 80pk,https://www.aldi.com.au/fileadmin/_processed_/b/b/csm_ALN3388_REDUCTIONS_1x1_228x128_B2_29_c4525691e4.jpg,,$3.36 per 100 wipes,2.69
Mamia Baby Wipes Embossed Scented 80pk,https://www.aldi.com.au/fileadmin/_processed_/3/d/csm_ALN3248_Q1_WEB-AUDIT__BABY__1x1_228x128_4_d742ad5cb4.jpg,,$3.36 per 100 wipes,2.69
Farmdale Lactose Free Full Cream Milk 1L,https://www.aldi.com.au/fileadmin/_processed_/0/9/csm_ALN3077_DAIRY-EGGS_1x1_228x128__3b333d29cc.jpg,,$1.99 per litre,1.99
Farmdale RAM Coffee Flavoured Milk 2L,https://www.aldi.com.au/fileadmin/_processed_/1/f/csm_ALN2364_AWARDS_DAIRY_1x1_228x128_20_e960ed0521.jpg,,$1.75 per litre,3.49
Farmdale RAM Chocolate Flavoured Milk 600ml,https://www.aldi.com.au/fileadmin/_processed_/7/6/csm_ALN2364_AWARDS_DAIRY_1x1_228x128_21_7e6f5d587a.jpg,,$3.32 per Litre,1.99
Farmdale RAM Iced coffee Flavoured Milk 600ml,https://www.aldi.com.au/fileadmin/_processed_/a/1/csm_ALN2364_AWARDS_DAIRY_1x1_228x128_22_f5b81e1162.jpg,,$3.32 per Litre,1.99
Farmdale Full Cream Milk Powder 1kg,https://www.aldi.com.au/fileadmin/_processed_/a/f/csm_ALN2364_AWARDS_DAIRY_1x1_228x128_23_6a3e1e1244.jpg,,75c per 100g,7.49
Just Organic UHT Milk 1L,https://www.aldi.com.au/fileadmin/_processed_/c/f/csm_ALN2619_Q4_WEB_AUDIT_JUST_ORGANIC_1x1_228x128__5beb2e3fe6.jpg,,$1.79 per litre,1.79
Lodge Farms Large Free Range Eggs 12 Pack 600g,https://www.aldi.com.au/fileadmin/_processed_/b/a/csm_ALN3510_Q3_DAIRY_1x1_228x128_19_3668600b45.jpg,600g,62c per 100g,3.69
Lodge Farms Extra Large Free Range Eggs 12 Pack 700g,https://www.aldi.com.au/fileadmin/_processed_/0/c/csm_ALN3510_Q3_DAIRY_1x1_228x128_20_bbe3521a1c.jpg,700g,57c per 100g,3.99
Choceur Coffee & Cream Chocolate Block 200g,https://www.aldi.com.au/fileadmin/_processed_/c/f/csm_ALN3510_Q3_CHOCOLATE_1x1_228x128_28_2ec4e83975.jpg,,$1.50 per 100g,2.99
Choceur Milk Hazelnut Chocolate Block 200g,https://www.aldi.com.au/fileadmin/_processed_/2/7/csm_ALN3510_Q3_CHOCOLATE_1x1_228x128_29_7afdccfb2f.jpg,,$1.50 per 100g,2.99
Choceur Dark Hazelnut Chocolate Block 200g,https://www.aldi.com.au/fileadmin/_processed_/d/2/csm_ALN3510_Q3_CHOCOLATE_1x1_228x128_30_ae61feb094.jpg,,$1.50 per 100g,2.99
Choceur Fruit & Nut Chocolate Block 200g,https://www.aldi.com.au/fileadmin/_processed_/8/5/csm_ALN3510_Q3_CHOCOLATE_1x1_228x128_31_9a67562080.jpg,,$1.50 per 100g,2.99
Choceur White Chocolate Block 200g,https://www.aldi.com.au/fileadmin/_processed_/4/4/csm_ALN3510_Q3_CHOCOLATE_1x1_228x128_32_242a82eaf3.jpg,,$1.50 per 100g,2.99
Choceur Rum Raisin & Nut Chocolate Block 200g,https://www.aldi.com.au/fileadmin/_processed_/1/7/csm_ALN3510_Q3_CHOCOLATE_1x1_228x128_33_0cfc3f4f0a.jpg,,$1.50 per 100g,2.99
Choceur Milk Chocolate Block 200g,https://www.aldi.com.au/fileadmin/_processed_/9/e/csm_ALN3510_Q3_CHOCOLATE_1x1_228x128_34_23130dc3a1.jpg,,$1.50 per 100g,2.99
Choceur Dark Chocolate Block 200g,https://www.aldi.com.au/fileadmin/_processed_/6/5/csm_ALN3510_Q3_CHOCOLATE_1x1_228x128_35_1a7e260b8e.jpg,,$1.50 per 100g,2.99
Choceur Milk Almond Chocolate Block 200g,https://www.aldi.com.au/fileadmin/_processed_/2/7/csm_ALN3510_Q3_CHOCOLATE_1x1_228x128_36_0365981217.jpg,,$1.50 per 100g,2.99
Choceur Dark Almond Chocolate Block 200g,https://www.aldi.com.au/fileadmin/_processed_/9/c/csm_ALN3510_Q3_CHOCOLATE_1x1_228x128_37_f904b6a51b.jpg,,$1.50 per 100g,2.99
Choceur Cookies & Cream Chocolate Block 180g,https://www.aldi.com.au/fileadmin/_processed_/8/2/csm_ALN3510_Q3_CHOCOLATE_1x1_228x128_18_591afc14c0.jpg,,$1.66 per 100g,2.99
Choceur Dark Peppermint 205g,https://www.aldi.com.au/fileadmin/_processed_/f/c/csm_ALN3510_Q3_CHOCOLATE_1x1_228x128_21_4ddf3cf90b.jpg,,$1.46 per 100g,2.99
Hazelnut Crème Mini Chocolate Bars 5 x 40g,https://www.aldi.com.au/fileadmin/_processed_/e/3/csm_ALN3510_Q3_CHOCOLATE_1x1_228x128__7caa235cb2.jpg,5pk,$1.50 per 100g,2.99
Milk Mini Chocolate Bars 5 x 40g,https://www.aldi.com.au/fileadmin/_processed_/e/0/csm_ALN3510_Q3_CHOCOLATE_1x1_228x128_2_ff1ca3d5ab.jpg,5pk,$1.50 per 100g,2.99
Dark Mini Chocolate Bars 5 x 40g,https://www.aldi.com.au/fileadmin/_processed_/f/a/csm_ALN3510_Q3_CHOCOLATE_1x1_228x128_3_cd0e377328.jpg,5pk,$1.50 per 100g,2.99
White Mini Chocolate Bars 5 x 40g,https://www.aldi.com.au/fileadmin/_processed_/e/1/csm_ALN3510_Q3_CHOCOLATE_1x1_228x128_4_47f0fbaaa1.jpg,5pk,$1.50 per 100g,2.99
Hazelnut Mini Chocolate Bars 5 x 40g,https://www.aldi.com.au/fileadmin/_processed_/5/f/csm_ALN3510_Q3_CHOCOLATE_1x1_228x128_5_402f3eb5d0.jpg,5pk,$1.50 per 100g,2.99
Marzipan Mini Chocolate Bars 5 x 40g,https://www.aldi.com.au/fileadmin/_processed_/0/9/csm_ALN3510_Q3_CHOCOLATE_1x1_228x128_6_82add6b040.jpg,5pk,$1.50 per 100g,2.99
Choceur Mountain Bar 100g,https://www.aldi.com.au/fileadmin/_processed_/5/c/csm_ALN2230_Q1_CHOCOLATE_1x1_228x128__b9f35aa6ba.jpg,,$1.99 per 100g,1.99
Moser Roth Orange & Almond Chocolate Block 125g,https://www.aldi.com.au/fileadmin/_processed_/f/7/csm_ALN3510_Q3_CHOCOLATE_1x1_228x128_7_435324dd3d.jpg,,$2.39 per 100g,2.99
Moser Roth Dark Hazelnut Chocolate Block 125g,https://www.aldi.com.au/fileadmin/_processed_/0/d/csm_ALN3510_Q3_CHOCOLATE_1x1_228x128_8_4e422a7cc9.jpg,,$2.39 per 100g,2.99
Moser Roth Dark 70% Chocolate Block 125g,https://www.aldi.com.au/fileadmin/_processed_/5/0/csm_ALN3510_Q3_CHOCOLATE_1x1_228x128_9_8f684a3a96.jpg,,$2.39 per 100g,2.99
Moser Roth Dark 85% Chocolate Block 125g,https://www.aldi.com.au/fileadmin/_processed_/e/9/csm_ALN3510_Q3_CHOCOLATE_1x1_228x128_10_9d3e98ed20.jpg,,$2.39 per 100g,2.99
Moser Roth Dark Sea Salt Chocolate Block 125g,https://www.aldi.com.au/fileadmin/_processed_/2/8/csm_ALN3510_Q3_CHOCOLATE_1x1_228x128_11_83e31b4d05.jpg,,$2.39 per 100g,2.99
Moser Roth Dark Mint Chocolate Block 125g,https://www.aldi.com.au/fileadmin/_processed_/d/5/csm_ALN3510_Q3_CHOCOLATE_1x1_228x128_12_ebbd3a2695.jpg,,$2.39 per 100g,2.99
Moser Roth Dark Raspberry Almond Chocolate Block 125g,https://www.aldi.com.au/fileadmin/_processed_/8/3/csm_ALN3510_Q3_CHOCOLATE_1x1_228x128_13_6b40394e81.jpg,,$2.39 per 100g,2.99
Moser Roth Dark Sea Salt Caramel Chocolate Block 125g,https://www.aldi.com.au/fileadmin/_processed_/0/7/csm_ALN3510_Q3_CHOCOLATE_1x1_228x128_14_c05bf9a849.jpg,,$2.39 per 100g,2.99
Just Organic Large Free Range Eggs 6 Pack 300g,https://www.aldi.com.au/fileadmin/_processed_/7/9/csm_ALN2670_Q1_WEB_AUDIT__DAIRY_EGGS__1x1_228x128_5_34abfa032d.jpg,6pk,$1.33 per 100g,3.99
Beautifully Butterfully Dairy Blend 500g,https://www.aldi.com.au/fileadmin/_processed_/f/7/csm_ALN3077_DAIRY-EGGS_1x1_228x128_2_e706ebcac0.jpg,,70c per 100g,3.49
Just Organic Butter 250g,https://www.aldi.com.au/fileadmin/_processed_/6/6/csm_ALN2793_CHEESE_DAIRY_AWARDS_1x1_228x128__5f67d91c82.jpg,,$1.44 per 100g,3.59
Beautifully Butterfully Salted Butter 250g,https://www.aldi.com.au/fileadmin/_processed_/9/b/csm_ALN3354_Q2-WEB-AUDIT_1x1_228x128_14_46ce93b7ec.jpg,,$1.12 per 100g,2.79
Beautifully Butterfully Unsalted Butter 250g,https://www.aldi.com.au/fileadmin/_processed_/b/d/csm_ALN3354_Q2-WEB-AUDIT_1x1_228x128_15_d10b6bb146.jpg,,$1.12 per 100g,2.79
Beautifully Butterfully Salted Butter 500g,https://www.aldi.com.au/fileadmin/_processed_/3/9/csm_ALN3354_Q2-WEB-AUDIT_1x1_228x128_13_dd3fbe5bbc.jpg,500g,$1.00 per 100g,4.99
Beautifully Butterfully Unsalted Butter 500g,https://www.aldi.com.au/fileadmin/_processed_/5/8/csm_ALN3354_Q2-WEB-AUDIT_1x1_228x128_12_182bb4737e.jpg,500g,$1.00 per 100g,4.99
Beautifully Butterfully Caterer’s Selection Buttery Spread 1kg,https://www.aldi.com.au/fileadmin/_processed_/6/4/csm_ALN3354_Q2-WEB-AUDIT_1x1_228x128_16_5126aa3593.jpg,1kg,40c per 100g,3.99
Emporium Selection Ash Brie 150g,https://www.aldi.com.au/fileadmin/_processed_/2/3/csm_ALN2793_CHEESE_DAIRY_AWARDS_1x1_228x128_7_49255c4472.jpg,,$29.93 per kg,4.49
Emporium Selection Double Cream Camembert 200g,https://www.aldi.com.au/fileadmin/_processed_/b/8/csm_ALN2364_AWARDS_CHEESE_1x1_228x128_2_1144bfa615.jpg,,$22.45 per kg,4.49
Emporium Selection Triple Cream Brie 200g,https://www.aldi.com.au/fileadmin/_processed_/9/5/csm_ALN2364_AWARDS_CHEESE_1x1_228x128_3_c81c34a3e7.jpg,,$22.45 per kg,4.49
Emporium Selection Camembert 125g,https://www.aldi.com.au/fileadmin/_processed_/b/0/csm_ALN2364_AWARDS_CHEESE_1x1_228x128_4_63d9773acf.jpg,,$21.52 per kg,2.69
Emporium Selection Brie 125g,https://www.aldi.com.au/fileadmin/_processed_/b/0/csm_ALN2364_AWARDS_CHEESE_1x1_228x128_5_9bfbfcabf7.jpg,,$21.52 per kg,2.69
Emporium Selection Persian Fetta 180g,https://www.aldi.com.au/fileadmin/_processed_/1/4/csm_ALN2364_AWARDS_CHEESE_1x1_228x128_6_344e6445f9.jpg,,$16.61 per kg,2.99
Emporium Selection Danish Style Fetta Cheese 200g,https://www.aldi.com.au/fileadmin/_processed_/5/c/csm_ALN2853_AWARDS_CHEESE_1x1_228x128__55f37d65bc.jpg,,$13.45 per kg,2.69
Emporium Selection Greek Style Fetta Cheese 200g,https://www.aldi.com.au/fileadmin/_processed_/0/f/csm_ALN2853_AWARDS_CHEESE_1x1_228x128_2_a4894a4e1a.jpg,,$13.45 per kg,2.69
Westacre Colby Cheese Block 500g,https://www.aldi.com.au/fileadmin/_processed_/1/8/csm_ALN2793_CHEESE_DAIRY_AWARDS_1x1_228x128_5_9098e2447c.jpg,,$9.98 per kg,4.99
Cowbelle Original Cheese Slices 500g,https://www.aldi.com.au/fileadmin/_processed_/5/e/csm_ALN2364_AWARDS_CHEESE_1x1_228x128_11_e405598d47.jpg,,$7.38 per kg,3.69
Cowbelle Light Cheese Slices 500g,https://www.aldi.com.au/fileadmin/_processed_/9/9/csm_ALN2364_AWARDS_CHEESE_1x1_228x128_12_6d8e2bed93.jpg,,$7.38 per kg,3.69
Westacre Vintage Cheese Slices 12pk/250g,https://www.aldi.com.au/fileadmin/_processed_/6/e/csm_ALN3248_Q1_WEB-AUDIT__DAIRY_EGGS__1x1_228x128_7_837769bea3.jpg,,$15.96 per kg,3.99
Westacre Tasty Cheese Slices 250g,https://www.aldi.com.au/fileadmin/_processed_/7/c/csm_ALN2793_CHEESE_DAIRY_AWARDS_1x1_228x128_9_7f83b92ef6.jpg,,$15.96 per kg,3.99
Manhattan Cottage Cheese 500g,https://www.aldi.com.au/fileadmin/_processed_/f/5/csm_ALN2853_AWARDS_CHEESE_1x1_228x128_4_03b377115d.jpg,,$7.98 per kg,3.99
Emporium Selection Smooth Ricotta 375g,https://www.aldi.com.au/fileadmin/_processed_/1/6/csm_ALN2364_AWARDS_CHEESE_1x1_228x128_10_487a26440c.jpg,,$7.44 per kg,2.79
Emporium Selection Apricot & Almond Cream Cheese 200g,https://www.aldi.com.au/fileadmin/_processed_/7/2/csm_ALN2853_AWARDS_CHEESE_1x1_228x128_5_45551ddf4a.jpg,,$14.45 per kg,2.89
Just Organic Brie 125g,https://www.aldi.com.au/fileadmin/_processed_/c/2/csm_ALN2362_Just_Organic_Brie_125g_1x1_228x128_53fe03b357.jpg,,$31.92 per kg,3.99
Farmdale Thickened Cream 600ml,https://www.aldi.com.au/fileadmin/_processed_/d/9/csm_ALN2364_AWARDS_DAIRY_1x1_228x128_14_03712df03e.jpg,,50c per 100ml,2.99
Farmdale Thickened Light Cream 300ml,https://www.aldi.com.au/fileadmin/_processed_/1/9/csm_ALN2364_AWARDS_DAIRY_1x1_228x128_15_f5eb5d9b56.jpg,,63c per 100ml,1.89
Farmdale Double Cream 300ml,https://www.aldi.com.au/fileadmin/_processed_/4/f/csm_ALN2364_AWARDS_DAIRY_1x1_228x128_13_66f9076d8f.jpg,,$1.23 per 100ml,3.69
Farmdale Sour Cream 300ml,https://www.aldi.com.au/fileadmin/_processed_/f/1/csm_ALN2364_AWARDS_DAIRY_1x1_228x128_16_e1d1fc1d27.jpg,,70c per 100g,2.09
Moser Roth Milk Chocolate Block 125g,https://www.aldi.com.au/fileadmin/_processed_/6/8/csm_ALN3510_Q3_CHOCOLATE_1x1_228x128_15_299c6f1292.jpg,,$2.39 per 100g,2.99
Moser Roth Madagascan Vanilla Chocolate Block 125g,https://www.aldi.com.au/fileadmin/_processed_/8/c/csm_ALN3510_Q3_CHOCOLATE_1x1_228x128_16_a918819d17.jpg,,$2.39 per 100g,2.99
Moser Roth Milk Almond Hazelnut 125g,https://www.aldi.com.au/fileadmin/_processed_/4/2/csm_ALN3510_Q3_CHOCOLATE_1x1_228x128_17_1cb710fd09.jpg,,$2.39 per 100g,2.99
Just Organic Dark Chocolate with Sea Salt 100g,https://www.aldi.com.au/fileadmin/_processed_/4/0/csm_ALN2460_Q3_WEB_AUDIT_Chocolate__1x1_228x128__a35e410266.jpg,,$2.79 per 100g,2.79
Just Organic Dark Chocolate 100g,https://www.aldi.com.au/fileadmin/_processed_/5/7/csm_ALN2460_Q3_WEB_AUDIT_Chocolate__1x1_228x128_2_476e50ad91.jpg,,$2.79 per 100g,2.79
Farmdale Light Sour Cream 300ml,https://www.aldi.com.au/fileadmin/_processed_/2/9/csm_ALN2364_AWARDS_DAIRY_1x1_228x128_17_3246ca45dc.jpg,,70c per 100g,2.09
Lyttos Greek Style Natural Yogurt 2kg,https://www.aldi.com.au/fileadmin/_processed_/b/8/csm_ALN2745_Q2_WEB_AUDIT__DAIRY__1x1_228x128_2_badbe656cf.jpg,,44c per 100g,8.79
Brooklea Joi Mango Yogurt 1kg,https://www.aldi.com.au/fileadmin/_processed_/7/8/csm_ALN3510_Q3_DAIRY_1x1_228x128_2_6c6b769e53.jpg,,32c per 100g,3.19
Brooklea Joi Mixed Berry Yogurt 1kg,https://www.aldi.com.au/fileadmin/_processed_/a/c/csm_ALN3510_Q3_DAIRY_1x1_228x128_3_da6bb1d280.jpg,,32c per 100g,3.19
Brooklea Family Lite Yogurt 1kg,https://www.aldi.com.au/fileadmin/_processed_/5/d/csm_ALN3248_Q1_WEB-AUDIT__DAIRY_EGGS__1x1_228x128_3_34f72b9000.jpg,,30c per 100g,err
Just Organic Natural Yogurt 1kg,https://www.aldi.com.au/fileadmin/_processed_/e/7/csm_ALN3510_Q3_AWARDS_DAIRY_1x1_228x128_14_72056d61fb.jpg,,45c per 100g,4.49
Just Organic Vanilla Bean Yogurt 1kg,https://www.aldi.com.au/fileadmin/_processed_/b/8/csm_ALN3510_Q3_AWARDS_DAIRY_1x1_228x128_15_b3d774e98e.jpg,,45c per 100g,4.49
Dairy Dream Blueberry Fruit Swirled Yogurt 720g,https://www.aldi.com.au/fileadmin/_processed_/2/f/csm_ALN3510_Q3_DAIRY_1x1_228x128_4_c595d7f952.jpg,,55c per 100g,3.99
Dairy Dream Greek Style Yogurt No Added Sugar 750g,https://www.aldi.com.au/fileadmin/_processed_/4/5/csm_ALN3248_Q1_WEB-AUDIT__DAIRY_EGGS__1x1_228x128_1_0427fb4f3e.jpg,,63c per 100g,4.69
Dairy Dream Premiere Passionfruit Yogurt 4 x 115g,https://www.aldi.com.au/fileadmin/_processed_/7/4/csm_ALN3248_Q1_WEB-AUDIT__DAIRY_EGGS__1x1_228x128_2_871d7f87c6.jpg,,72c per 100g,3.29
Brooklea Joi Deluxe Yogurt Classics 6 x 150g,https://www.aldi.com.au/fileadmin/_processed_/0/0/csm_ALN3510_Q3_DAIRY_1x1_228x128_5_a8805de169.jpg,,39c per 100g,3.49
Brooklea Yogurt Squishies 70g,https://www.aldi.com.au/fileadmin/_processed_/f/1/csm_ALN2745_Q2_WEB_AUDIT__DAIRY__1x1_228x128_1_1439e01874.jpg,ea,99c per 100g,0.69
Just Organic Yogurt Assorted Varieties 70g,https://www.aldi.com.au/fileadmin/_processed_/1/5/csm_ALN3510_Q3_DAIRY_1x1_228x128__a242f7370e.jpg,70g,$1.41 per 100g,0.99
Brooklea Stampede Chocolate Dairy Snack 12 x 100g,https://www.aldi.com.au/fileadmin/_processed_/1/4/csm_ALN2364_AWARDS_DAIRY_1x1_228x128_35_21ef462764.jpg,,37c per 100g,4.49
Food Envy Chocolate Mousse 2 x 62g,https://www.aldi.com.au/fileadmin/_processed_/7/e/csm_ALN3248_Q1_WEB-AUDIT__DAIRY_EGGS__1x1_228x128_4_e3a0ee5c70.jpg,,$1.85 per 100g,2.29
Food Envy Chocolate Mousse with Salted Caramel 2 x 62g,https://www.aldi.com.au/fileadmin/_processed_/1/b/csm_ALN3248_Q1_WEB-AUDIT__DAIRY_EGGS__1x1_228x128_5_edbf29aec3.jpg,,$1.85 per 100g,2.29
Food Envy Crème Caramel 2 x 150g,https://www.aldi.com.au/fileadmin/_processed_/f/1/csm_ALN3248_Q1_WEB-AUDIT__DAIRY_EGGS__1x1_228x128_6_07c958019c.jpg,,66c per 100g,1.99
Brooklea Vanilla Custard 1kg,https://www.aldi.com.au/fileadmin/_processed_/6/6/csm_ALN2364_AWARDS_DAIRY_1x1_228x128_19_2d59258468.jpg,,30c per 100g,2.99
Food Envy Sweet Crepes 8pk/480g,https://www.aldi.com.au/fileadmin/_processed_/e/0/csm_ALN3354_Q2-WEB-AUDIT_1x1_228x128_17_73f0b20c55.jpg,8pk,83c per 100g,3.99
Food Envy Mini Dutch Pancakes 250g,https://www.aldi.com.au/fileadmin/_processed_/3/7/csm_ALN3354_Q2-WEB-AUDIT_1x1_228x128_18_6fb664c9f3.jpg,250g,$1.60 per 100g,3.99
Food Envy Rice Pudding Vanilla Bean 2 x 170g,https://www.aldi.com.au/fileadmin/_processed_/f/c/csm_ALN3354_Q2-WEB-AUDIT_1x1_228x128_19_223a4235f9.jpg,340g,59c per 100g,1.99
Food Envy Italian Family Desserts 500g,https://www.aldi.com.au/fileadmin/_processed_/6/7/csm_ALN3354_Q2-WEB-AUDIT_1x1_228x128_20_ef22d1b70f.jpg,500g,$1.00 per 100g,4.99
